Workbook

Sheet Guide
A1: ACIDHOUSE FERMENTATION: CALCULATOR FOR KOJI
A2: Traditional calculations for sake, miso, amazake, shio koji, mirin, vinegar, and other koji-based ferments
A3: Version 413
A5: SUPPORT THE COMMUNITY
B6: The Sake Brewers Guild shares fermentation knowledge freely. If you find this calculator useful, please consider supporting their work. They offer free seminars, a Discord community, and translated resources for 5,000+ brewers worldwide. | C6: Please Donate
A9: QUICK START
A11: 1. Go to Recipe sheet → Enter total rice (kg) in B4
A12: 2. Select a Recipe preset from B5 dropdown (or customize)
A13: 3. Select rice variety and polish ratio for each lot
A14: 4. View calculated totals: rice, koji, water, mash volume
A15: 5. Use Plan sheet for detailed stage breakdowns
A16: 6. Use Quick Calc for standalone calculations
A17: 7. Use Koji Ferments for miso, amazake, mirin, shoyu, etc.
A18: 8. All blue cells are inputs; gray cells are calculated
A20: VISUAL KEY
A22: Light blue | B22: Select ▽ | C22: User input — dropdown or free entry
A23: Light green | B23: Sample | C23: User input — free entry, numeric
A24: Light gray | B24: Sample | C24: Calculated value — do not edit
A25: White | B25: Sample | C25: Label or static text
A26: Red triangle | B26: Hover here | C26: Hover over cell B26 to see example — Toji notes explain brewing logic
A27: Japanese terms | B27: 漢字 (かな) | C27: Kanji with hiragana/katakana reading to aid pronunciation and learning
A30: PHILOSOPHY
A32: Sake brewing developed significantly within Buddhist temples in Japan. By the 15th century, soboshu (僧坊酒)—monk sake—from institutions like Shoryakuji Temple in Nara had become renowned. The Tamon-in Nikki (多聞院日記), diaries kept by monks at Kofukuji Temple from 1478 to 1618, document brewing techniques still studied today. These monks developed bodaimoto, using naturally cultivated lactic acid bacteria to protect fermentation—centuries before the underlying microbiology was understood.
A34: Shinto tradition regards rice as sacred. Inari Ōkami (稲荷大神), one of the most widely venerated kami, presides over rice, fertility, and agriculture. Over 30,000 Inari shrines across Japan reflect this relationship with rice cultivation. Sake offered at shrines (omiki/御神酒) connects brewing to religious practice. Some breweries maintain these connections—Terada Honke draws water from a shrine forest spring.
A36: The concept of Hakkodo (発酵道)—the Way of Fermentation—frames brewing as a practice requiring attention and responsiveness. Keisuke Terada, 23rd-generation owner of Terada Honke, describes fermentation as requiring constant adjustment to changing conditions. This aligns with Buddhist teachings on impermanence (mujō/無常): the brewer observes and responds rather than imposing fixed expectations.
A38: Traditional toji develop skills through observation—recognizing the chestnut aroma of healthy koji, the texture change as hyphae develop, the temperature rise in an active moto. The saying 'ichi-koji, ni-moto, san-tsukuri' (first koji, second starter, third brewing) reflects the importance of foundational steps. These observational skills remain valuable even as scientific instruments provide additional data.
A40: Modern research from NRIB (酒類総合研究所), the Brewing Society of Japan, and academic journals documents the biochemistry behind traditional methods. Understanding enzyme kinetics, microbial ecology, and fermentation chemistry explains why certain practices work. Many brewers find that scientific knowledge and traditional observation complement each other.
A42: Brewing knowledge has been transmitted through apprenticeship, guild systems, and written records for centuries. The techniques documented here—kimoto, bodaimoto, sandan-jikomi, various koji cultivation methods—represent accumulated practical knowledge. This calculator aims to make some of that knowledge accessible in a structured format.
A44: Similar fermentation principles appear across cultures. The same Lactobacillus species that culture Japanese nukazuke also preserve Korean kimchi. Saccharomyces cerevisiae produces both sake and wine. Aspergillus molds are used throughout East Asian food production. Fermentation knowledge crosses boundaries.
A46: ABOUT ACIDHOUSE
A48: Acidhouse Fermentation is a food company. We aim to make sake, vinegar, mirin, miso, shio koji, and other koji-based foods—transforming simple ingredients into something profound. Our real work is knowledge sharing: demonstrating how koji-based fermentation can address food waste, improve plant protein digestibility, reduce sodium in processed foods, and enable decentralized, low-energy food production.
A50: WHY FERMENTATION MATTERS NOW
A52: THE MODERN HEALTH CRISIS
... A77: GUT HEALTH & FERMENTED FOODS
A78: Cell Metabolism (2024) | B78: cell.com/cell-metabolism/fulltext/S1550-4131(24)00086-X
A79: Microbial Biotechnology (2024) | B79: doi.org/10.1111/1751-7915.14428
A80: Nutrients (2022) | B80: mdpi.com/2072-6643/14/7/1527
A81: Nature Communications (2025) | B81: nature.com/articles/s41467-025-56014-6
A83: SCREEN TIME & GUT-BRAIN AXIS
A84: Scientific Reports (2022) | B84: nature.com/articles/s41598-022-07381-3
A85: PMC (2024) | B85: pmc.ncbi.nlm.nih.gov/articles/PMC10995916/
A86: Frontiers Neuroscience (2021) | B86: frontiersin.org/articles/10.3389/fnins.2021.725500
A88: ACKNOWLEDGMENTS
A90: PRIMARY INSPIRATIONS
A91: Lucas Smolic (Sake Recipe Calculator, Sake Brewers Guild), Dr. Morikuni Ueda (J. Brew. Soc. Japan 115(2), 2020)
A93: HISTORICAL DOCUMENTS
A94: Korschelt (1878), Atkinson (1881), Tamon-in Nikki (多聞院日記), Goshu no Nikki (御酒之日記)
A96: RESEARCH INSTITUTIONS
A97: NRIB (酒類総合研究所), Brewing Society of Japan, Tokyo University of Agriculture
A99: TERMS & LICENSE
A101: This calculator is provided as-is, without warranty of any kind. Calculations are based on published research and traditional brewing ratios, but outcomes depend on variables beyond any calculator's control: ingredient quality, environmental conditions, technique, and microbial behavior. Verify critical values independently. The author accepts no liability for brewing failures, food safety issues, spoilage, illness, or any damages arising from use of this tool. You are responsible for your own fermentation.
A103: This work is free to use, copy, modify, and distribute. No attribution required, though appreciated. Commercial use permitted. Derivative works encouraged. There is no proprietary claim on brewing knowledge that belongs to centuries of tradition. Take what is useful, improve it, share it forward.
A105: By using this calculator, you agree to freely share fermentation knowledge, to teach others what you learn, to favor cooperation over competition, and to use these methods in ways that benefit your community and the environment. Fermentation has always been open-source. Keep it that way.
A107: Legal Notice: Alcohol production is regulated differently in every jurisdiction. Some locations prohibit home production of alcoholic beverages entirely; others permit it for personal use within limits. In the United States, home brewing of beer and wine is federally legal up to 200 gallons per household per year, but distillation is prohibited. Sake occupies a gray area—classified as wine for tax purposes but brewed like beer. This calculator is provided for educational purposes. You are responsible for knowing and complying with the laws in your area. Nothing in this tool constitutes legal advice.
... A111: If You Need Help: Addiction is a medical condition, not a moral failure. If you or someone you know is struggling with alcohol dependency, support is available. In the US: SAMHSA National Helpline 1-800-662-4357 (free, confidential, 24/7). Alcoholics Anonymous: aa.org. International: contact your local health services or search for addiction support in your area. Recovery is possible.

Sheet Recipe
A1: Sake Recipe Calculator | F1: v539
A3: RECIPE SETTINGS
A4: Total rice (kg) | B4: 99
A5: Recipe | B5: Select ▽
A6: Moto type | B6: =IFERROR(IF(Plan!B36="Select ▽","→ See Plan",Plan!B36),"") -> → See Plan
A7: Koji strain | B7: Select ▽
A8: Koji style | B8: Select ▽
A9: RICE LOTS
A10: Lot | B10: Variety | C10: Polish (%) | D10: Batch ID
A11: Lot A | B11: Select ▽
A12: Lot B | B12: Select ▽
A13: Lot C | B13: Select ▽
A14: Lot D | B14: Select ▽
A16: RICE ALLOCATIONS
A17: Addition | B17: Lot | C17: % | D17: Lot 2 | E17: % (auto)
A18: Kojimai | B18: Lot A | C18: 100 | D18: Select ▽ | E18: =IF(OR(D18="",D18="Select"),"",100-C18) -> 0
A19: Moto raw | B19: Lot A | C19: 100 | D19: Select ▽ | E19: =IF(OR(D19="",D19="Select"),"",100-C19) -> 0
A20: Moto steamed | B20: Lot A | C20: 100 | D20: Select ▽ | E20: =IF(OR(D20="",D20="Select"),"",100-C20) -> 0
A21: Soe | B21: Lot A | C21: 100 | D21: Select ▽ | E21: =IF(OR(D21="",D21="Select"),"",100-C21) -> 0
A22: Naka | B22: Lot A | C22: 100 | D22: Select ▽ | E22: =IF(OR(D22="",D22="Select"),"",100-C22) -> 0
A23: Tome | B23: Lot A | C23: 100 | D23: Select ▽ | E23: =IF(OR(D23="",D23="Select"),"",100-C23) -> 0
A24: Yondan | B24: Lot A | C24: 100 | D24: Select ▽ | E24: =IF(OR(D24="",D24="Select"),"",100-C24) -> 0
A26: CALCULATED TOTALS
A27: Total DRY rice (kg) | B27: =IF(OR(_Inputs!B4="",_Inputs!B4=0),"",_Inputs!B4) -> 99
A28: Moto raw rice (kg) | B28: =IFERROR(IF(OR(_Allocations!B23="",_Allocations!B23=0),"",_Allocations!B23),"")
A29: Rice to steam (kg) | B29: =IFERROR(IF(OR(B27="",B27=0),"",B27-IFERROR(IF(OR(B28="",B28="-"),0,B28),0)),"") -> 99
A30: Koji (kg dry) | B30: =IFERROR(IF(_Allocations!B3="","",_Allocations!B3),"") -> 21.78
A31: Total water (L) | B31: =IFERROR(IF(_Allocations!B4="","",_Allocations!B4),"") -> 128.7
A32: Total water (%) | B32: =IFERROR(IF(OR(B4="",B4=0,B31=""),"",ROUND(B31/B4*100,0)),"") -> 130
A33: RiceWater ratio | B33: =IFERROR(IF(OR(B4="",B31=""),"",ROUND(B31/B4,2)),"") -> 1.3
A34: Mash volume (L) | B34: =IFERROR(IF(_Allocations!B6="","",ROUND(_Allocations!B6,2)),"") -> 267.74
A35: Genshu yield (L) | B35: =IFERROR(IF(_Allocations!B7="","",ROUND(_Allocations!B7,2)),"") -> 121.18
A36: Press method | B36: Select ▽
A37: Yield @15% ABV (L) | B37: =IFERROR(IF(_Allocations!B8="","",ROUND(_Allocations!B8,2)),"") -> 147.03
A38: STAGE BREAKDOWN
A39: STAGE | B39: Raw (kg) | C39: Koji (kg) | D39: Kakemai (kg) | E39: Water (L) | F39: W:R ratio
A40: Moto | B40: =IFERROR(IF(OR(_Allocations!B23="",_Allocations!B23=0),"-",ROUND(_Allocations!B23,2)),"-") -> - | C40: =IFERROR(IF(OR(_Allocations!C11="",_Allocations!C11=0),"-",ROUND(_Allocations!C11,2)),"-") -> 2.29 | D40: =IFERROR(IF(OR(_Allocations!B24="",_Allocations!B24=0),"-",ROUND(_Allocations!B24,2)),"-") -> 4.64 | E40: =IFERROR(IF(_Allocations!D11="","-",ROUND(_Allocations!D11,2)),"-") -> 7.62 | F40: =IFERROR(IF(_Allocations!D11="","-",ROUND(_Allocations!D11/(_Allocations!C11+_Allocations!B24+_Allocations!B23),2)),"-") -> 1.1
A41: Soe | B41: ="-" -> - | C41: =IFERROR(IF(OR(_Allocations!C12="",_Allocations!C12=0),"-",ROUND(_Allocations!C12,2)),"-") -> 5.46 | D41: =IFERROR(IF(OR(_Allocations!B12="",_Allocations!B12=0),"-",ROUND(_Allocations!B12,2)),"-") -> 13.81 | E41: =IFERROR(IF(_Allocations!D12="","-",ROUND(_Allocations!D12,2)),"-") -> 13.12 | F41: =IFERROR(IF(OR(_Allocations!D12="",_Allocations!B12=0),"-",ROUND(_Allocations!D12/(_Allocations!C12+_Allocations!B12),2)),"-") -> 0.68
A42: Naka | B42: ="-" -> - | C42: =IFERROR(IF(OR(_Allocations!C13="",_Allocations!C13=0),"-",ROUND(_Allocations!C13,2)),"-") -> 4.29 | D42: =IFERROR(IF(OR(_Allocations!B13="",_Allocations!B13=0),"-",ROUND(_Allocations!B13,2)),"-") -> 32.22 | E42: =IFERROR(IF(_Allocations!D13="","-",ROUND(_Allocations!D13,2)),"-") -> 40.28 | F42: =IFERROR(IF(OR(_Allocations!D13="",_Allocations!B13=0),"-",ROUND(_Allocations!D13/(_Allocations!C13+_Allocations!B13),2)),"-") -> 1.1
A43: Tome | B43: ="-" -> - | C43: =IFERROR(IF(OR(_Allocations!C14="",_Allocations!C14=0),"-",ROUND(_Allocations!C14,2)),"-") -> 3.51 | D43: =IFERROR(IF(OR(_Allocations!B14="",_Allocations!B14=0),"-",ROUND(_Allocations!B14,2)),"-") -> 46.04 | E43: =IFERROR(IF(_Allocations!D14="","-",ROUND(_Allocations!D14,2)),"-") -> 66.75 | F43: =IFERROR(IF(OR(_Allocations!D14="",_Allocations!B14=0),"-",ROUND(_Allocations!D14/(_Allocations!C14+_Allocations!B14),2)),"-") -> 1.35
A44: Yondan | B44: ="-" -> - | C44: =IFERROR(IF(OR(_Allocations!C15="",_Allocations!C15=0),"-",ROUND(_Allocations!C15,2)),"-") -> - | D44: =IFERROR(IF(OR(_Allocations!B15="",_Allocations!B15=0),"-",ROUND(_Allocations!B15,2)),"-") -> - | E44: =IFERROR(IF(OR(_Allocations!D15="",_Allocations!D15=0),"-",ROUND(_Allocations!D15,2)),"-") -> - | F44: =IFERROR(IF(OR(_Allocations!D15="",_Allocations!B15=0),"-",ROUND(_Allocations!D15/(_Allocations!C15+_Allocations!B15),2)),"-") -> -
A46: KOJI PRODUCTION
A47: Koji required (kg dry) | B47: =IFERROR(IF(_Allocations!B18="","",_Allocations!B18),"") -> 21.78
A48: Dry rice for koji (kg) | B48: =IFERROR(IF(OR(_Allocations!B19="",_Allocations!B19=0),"",ROUND(_Allocations!B19/1.4,2)),"") -> 26.82
A49: Steamed weight (kg) | B49: =IFERROR(IF(_Allocations!B19="","",_Allocations!B19),"") -> 37.551724
A50: Pre-inoc weight (kg) | B50: =IFERROR(IF(_Allocations!B20="","",_Allocations!B20),"") -> 31.114286
A51: Estimated trays | B51: =IFERROR(IF(_Allocations!B21="","",_Allocations!B21),"") -> 26
A53: MOTO SANITY CHECKS
A54: Moto ricewater ratio | B54: =IFERROR(IF(OR(_Allocations!D11="",_Allocations!D11=0),"",ROUND(_Allocations!D11/(IFERROR(_Allocations!B23,0)+IFERROR(_Allocations!B24,0)+IFERROR(_Allocations!C11,0)),2)),"") -> 1.1
A55: Moto as % of total rice | B55: =IFERROR(IF(OR($B$27="",B27=0),"",ROUND((IFERROR(_Allocations!B23,0)+IFERROR(_Allocations!B24,0)+IFERROR(_Allocations!C11,0))/$B$27*100,0)&"%"),"") -> 7%
A56: Moto volume guestimate (L) | B56: =IFERROR(IF(OR(_Allocations!D11="",_Allocations!D11=0),"",_Allocations!D11+(IFERROR(_Allocations!B23,0)+IFERROR(_Allocations!B24,0)+IFERROR(_Allocations!C11,0))*0.35),"") -> 10.0485
A58: YEAST & LACTIC
A59: Pitch rate (M cells/mL) | B59: =IF(B6="","",IF(OR(ISNUMBER(SEARCH("Sokujo",B6)),ISNUMBER(SEARCH("sokujo",B6))),10,IF(OR(ISNUMBER(SEARCH("Kimoto",B6)),ISNUMBER(SEARCH("kimoto",B6))),7,IF(OR(ISNUMBER(SEARCH("Yamahai",B6)),ISNUMBER(SEARCH("yamahai",B6))),7,IF(OR(ISNUMBER(SEARCH("Bodaimoto",B6)),ISNUMBER(SEARCH("bodaimoto",B6))),8,IF(OR(ISNUMBER(SEARCH("Mizumoto",B6)),ISNUMBER(SEARCH("mizumoto",B6))),6,IF(OR(ISNUMBER(SEARCH("Toka",B6)),ISNUMBER(SEARCH("Tōka",B6))),9,10))))))) -> 10
A60: Dry yeast needed (g) | B60: =IFERROR('Yeast Calc'!B12,"") -> 10.0485
A61: Liquid yeast needed (mL) | B61: =IFERROR('Yeast Calc'!B13,"") -> 1004.85
A62: Liquid pouches | B62: =IFERROR(IF('Yeast Calc'!B14="","",CEILING('Yeast Calc'!B14,1)),"") -> 11
A63: Acid type | B63: =IFERROR(IF(Plan!B36="Select ▽","→ See Plan",IF(OR(Plan!B36="Kimoto",Plan!B36="Yamahai",Plan!B36="Bodaimoto"),"None (natural)",IF(Plan!B36="Sokujo","Lactic acid","→ See Plan"))),"") -> → See Plan
A64: Acid amount (mL/100L) | B64: =IF(B63="Select","",IF(B63="Natural",0,IFERROR(VLOOKUP(B63,_Lookups!$F$2:$H$10,3,FALSE()),"")))
A66: AMINO ACIDITY ESTIMATE
A68: Predicted amino acidity | B68: =IFERROR(IF(_Allocations!B71="","",ROUND(_Allocations!B71,1)),"") -> 0.8
A69: Character | B69: =IFERROR(IF(_Allocations!B72="","",_Allocations!B72),"") -> Very Low (clean)
A71: Calculation basis
A72: Protein → Uptake → Residual (g) | B72: =IFERROR(IF(_Allocations!B64="","",ROUND(_Allocations!B64,0)&" → "&ROUND(_Allocations!B67,0)&" ("&_Allocations!B68&") → "&ROUND(_Allocations!B69,0)),"") -> 2074 → 254 (35%) → 472
A77: WATER CHEMISTRY
A79: Source preset | B79: Select ▽
A80: Calcium (ppm) | B80: =IF($B$79="Select","",IFERROR(VLOOKUP($B$79,_Lookups!$AK$2:$AV$30,2,FALSE()),""))
A81: Magnesium (ppm) | B81: =IF($B$79="Select","",IFERROR(VLOOKUP($B$79,_Lookups!$AK$2:$AV$30,3,FALSE()),""))
A82: Potassium (ppm) | B82: =IF($B$79="Select","",IFERROR(VLOOKUP($B$79,_Lookups!$AK$2:$AV$30,4,FALSE()),""))
A83: Sodium (ppm) | B83: =IF($B$79="Select","",IFERROR(VLOOKUP($B$79,_Lookups!$AK$2:$AV$30,5,FALSE()),"")) | C83: =IF(OR(B83="",B83=0),"",IF(B83>50,"⚠ High","OK"))
A84: Chloride (ppm) | B84: =IF($B$79="Select","",IFERROR(VLOOKUP($B$79,_Lookups!$AK$2:$AV$30,6,FALSE()),""))
A85: Sulfate (ppm) | B85: =IF($B$79="Select","",IFERROR(VLOOKUP($B$79,_Lookups!$AK$2:$AV$30,7,FALSE()),""))
A86: Phosphate (ppm) | B86: =IF($B$79="Select","",IFERROR(VLOOKUP($B$79,_Lookups!$AK$2:$AV$30,8,FALSE()),""))
A87: Iron (ppm) | B87: =IF($B$79="Select","",IFERROR(VLOOKUP($B$79,_Lookups!$AK$2:$AV$30,10,FALSE()),"")) | C87: =IF(B87="","",IF(B87>0.02,"🛑 Filter required","OK"))
A88: Manganese (ppm) | B88: =IF($B$79="Select","",IFERROR(VLOOKUP($B$79,_Lookups!$AK$2:$AV$30,11,FALSE()),"")) | C88: =IF(B88="","",IF(B88>0.02,"🛑 Filter required","OK"))
A89: pH | B89: =IF($B$79="Select","",IFERROR(VLOOKUP($B$79,_Lookups!$AK$2:$AV$30,12,FALSE()),""))
A90: Hardness (mg/L) | B90: =IF($B$79="Select","",IFERROR(VLOOKUP($B$79,_Lookups!$AK$2:$AV$30,9,FALSE()),""))
A92: TARGET PROFILE
A93: Style | B93: Select ▽
A95: Ion | B95: Target | C95: Source | D95: Delta | E95: Status | F95: Action
A96: Calcium | B96: =IF($B$93="Select","",IFERROR(VLOOKUP($B$93,_Lookups!$AA$2:$AI$15,2,FALSE()),"")) | C96: =IFERROR(B80,"") | D96: =IF(OR(B96="",C96=""),"",B96-C96) | E96: =IF(OR(D96="",D96=0),"",IF(D96>0,"Add",IF(D96<-5,"Dilute/RO","OK")))
A97: Magnesium | B97: =IF($B$93="Select","",IFERROR(VLOOKUP($B$93,_Lookups!$AA$2:$AI$15,3,FALSE()),"")) | C97: =IFERROR(B81,"") | D97: =IF(OR(B97="",C97=""),"",B97-C97) | E97: =IF(OR(D97="",D97=0),"",IF(D97>0,"Add",IF(D97<-5,"Dilute/RO","OK")))
A98: Potassium | B98: =IF($B$93="Select","",IFERROR(VLOOKUP($B$93,_Lookups!$AA$2:$AI$15,4,FALSE()),"")) | C98: =IFERROR(B82,"") | D98: =IF(OR(B98="",C98=""),"",B98-C98) | E98: =IF(OR(D98="",D98=0),"",IF(D98>0,"Add",IF(D98<-5,"Dilute/RO","OK")))
A99: Sodium | B99: =IF($B$93="Select","",IFERROR(VLOOKUP($B$93,_Lookups!$AA$2:$AI$15,8,FALSE()),"")) | C99: =IFERROR(B83,"") | D99: =IF(OR(B102="",C102=""),"",B102-C102) | E99: =IF(OR(D102="",D102=0),"",IF(D102>0,"Add",IF(D102<-5,"Dilute/RO","OK")))
A100: Chloride | B100: =IF($B$93="Select","",IFERROR(VLOOKUP($B$93,_Lookups!$AA$2:$AI$15,6,FALSE()),"")) | C100: =IFERROR(B84,"") | D100: =IF(OR(B100="",C100=""),"",B100-C100) | E100: =IF(OR(D100="",D100=0),"",IF(D100>0,"Add",IF(D100<-5,"Dilute/RO","OK")))
A101: Sulfate | B101: =IF($B$93="Select","",IFERROR(VLOOKUP($B$93,_Lookups!$AA$2:$AI$15,7,FALSE()),"")) | C101: =IFERROR(B85,"") | D101: =IF(OR(B101="",C101=""),"",B101-C101) | E101: =IF(OR(D101="",D101=0),"",IF(D101>0,"Add",IF(D101<-5,"Dilute/RO","OK")))
A102: Phosphate | B102: =IF($B$93="Select","",IFERROR(VLOOKUP($B$93,_Lookups!$AA$2:$AI$15,5,FALSE()),"")) | C102: =IFERROR(B86,"") | D102: =IF(OR(B99="",C99=""),"",B99-C99) | E102: =IF(OR(D99="",D99=0),"",IF(D99>0,"Add",IF(D99<-5,"Dilute/RO","OK")))
A103: Hardness | B103: =IF($B$93="Select","",IFERROR(VLOOKUP($B$93,_Lookups!$AA$2:$AI$15,9,FALSE()),"")) | C103: =IFERROR(B90,"") | D103: =IF(OR(B103="",C103=""),"",B103-C103) | E103: =IF(OR(D103="",D103=0),"",IF(D103>0,"Add",IF(D103<-5,"Dilute/RO","OK")))
A105: WATER ADJUSTMENT GUIDANCE
A106: RO/Dilution needed? | B106: =IFERROR(IF(OR(C96>B96+10,C97>B97+5,C102>50,C103>B103+50),"YES - source too hard","No"),"")
A107: Suggested blend | B107: =IFERROR(IF(B106="No","Use tap water as-is",IF(AND(C103>0,B103>0),IF(B103>=C103,"100% tap (add minerals if needed)",TEXT(ROUND(B103/C103*100,0),"0")&"% tap + "&TEXT(100-ROUND(B103/C103*100,0),"0")&"% RO"),"")),"") -> 100% tap (add minerals if needed)
A109: WATER VOLUMES
A110: Total recipe water (L) | B110: =IFERROR(_Allocations!D9,"") -> 121.077
A111: Moto water only (L) | B111: =IFERROR(_Allocations!D11,"") -> 7.623
A112: Apply additions to | B112: Select ▽
A113: Volume for additions (L) | B113: =IF(B112="Moto only",B111,B110) -> 121.077
A115: SALT ADDITIONS (in order)
A116: Step | B116: Salt | C116: Total (g) | D116: Brand | E116: Notes
A117: 1 | B117: KH₂PO₄ (phosphate) | C117: =IFERROR(IF(OR(D99="",D99<=0),0,ROUND(D99/697.6*B113,2)),0) -> 0 | D117: Now Foods | E117: Add first - buffers pH
A118: 2 | B118: Gypsum (CaSO₄) | C118: =IFERROR(IF(OR(D96="",D96<=0),0,ROUND(D96/232.4*B113,2)),0) -> 0 | D118: LD Carlson | E118: Stir until dissolved
A119: 3 | B119: CaCl₂ (if more Ca needed) | C119: =IFERROR(IF(OR(D96="",D96<=0),0,MAX(0,ROUND((D96-C118/B113*232.4)/272.2*B113,2))),0) -> 0 | D119: DowFlake | E119: Optional - skip if gypsum enough
...

Sheet Plan
A1: Brewing Plan | G1: =Recipe!F1 -> v539
A3: KOJI PLAN
A4: Koji method | B4: Select ▽
A5: Koji style (haze) | B5: =IFERROR(IF(Recipe!B8="Select ▽","→ See Recipe",Recipe!B8),"") -> → See Recipe
A6: Koji rice lot | B6: Select ▽
A7: Polish ratio | B7: =IFERROR(IF(B6="Lot A",IF(Recipe!C11="","→ See Recipe",Recipe!C11),IF(B6="Lot B",IF(Recipe!C12="","→ See Recipe",Recipe!C12),IF(B6="Lot C",IF(Recipe!C13="","→ See Recipe",Recipe!C13),IF(B6="Lot D",IF(Recipe!C14="","→ See Recipe",Recipe!C14),"→ Select lot")))),"→ See Recipe") -> → Select lot | C7: %
A8: Time adjustment | B8: =IFERROR(IF(OR(B7="→ See Recipe",B7="→ Select lot"),"",ROUND((70-B7)*0.2,1)),"") | C8: hours
A9: Batch start
A10: Elapsed hours | B10: =IFERROR(IF(OR(B9="",ISBLANK(B9)),"",(NOW()-B9)*24),"") | C10: hours
A12: KOJI WEIGHT PROGRESSION
A13: Dry rice for koji | B13: 1.00×
A14: After soaking | B14: 1.30×
A15: After steaming | B15: 1.40×
A16: After hiki-komi | B16: =IF(OR($B$4="Ueda (Tarai)",$B$4="Ueda Fast"),"1.19× (dried)","1.40×") -> 1.40×
A17: After inoculation | B17: ≈ same
A18: Finished koji (dekoji) | B18: 1.15×
A20: KOJI WORKFLOW
A21: Step | B21: Time | C21: Temp | D21: Target | E21: Weight | F21: Scheduled
A22: =IFERROR(IF(VLOOKUP($B$4,_Lookups!$CB:$CG,2,FALSE())="","",INDIRECT("_Lookups!"&ADDRESS(1+1,VLOOKUP($B$4,_Lookups!$CB:$CG,2,FALSE())))),"") | B22: =IFERROR(IF(VLOOKUP($B$4,_Lookups!$CB:$CG,3,FALSE())="","",IF(INDIRECT("_Lookups!"&ADDRESS(1+1,VLOOKUP($B$4,_Lookups!$CB:$CG,3,FALSE())))="","",IF(INDIRECT("_Lookups!"&ADDRESS(1+1,VLOOKUP($B$4,_Lookups!$CB:$CG,3,FALSE())))<0,INDIRECT("_Lookups!"&ADDRESS(1+1,VLOOKUP($B$4,_Lookups!$CB:$CG,3,FALSE())))&" h","+"&INDIRECT("_Lookups!"&ADDRESS(1+1,VLOOKUP($B$4,_Lookups!$CB:$CG,3,FALSE())))&" h"))),"") | C22: =IFERROR(IF(VLOOKUP($B$4,_Lookups!$CB:$CG,4,FALSE())="","",INDIRECT("_Lookups!"&ADDRESS(1+1,VLOOKUP($B$4,_Lookups!$CB:$CG,4,FALSE())))),"") | D22: =IFERROR(IF(VLOOKUP($B$4,_Lookups!$CB:$CG,5,FALSE())="","",INDIRECT("_Lookups!"&ADDRESS(1+1,VLOOKUP($B$4,_Lookups!$CB:$CG,5,FALSE())))),"") | E22: =IFERROR(IF(A19="","",IF(ISNUMBER(SEARCH("Soak",A19)),TEXT($B$11,"0.00")&" kg",IF(ISNUMBER(SEARCH("Steam",A19)),TEXT($B$12,"0.00")&" kg",IF(ISNUMBER(SEARCH("DRY DOWN",A19)),TEXT($B$13,"0.00")&" kg",IF(ISNUMBER(SEARCH("Dekoji",A19)),TEXT($B$15,"0.00")&" kg",""))))),"") | F22: =IFERROR(IF(OR(A19="",$B$9=""),"",IF(LEFT(B19,1)="+",$B$9+VALUE(SUBSTITUTE(B19," h",""))/24,IF(LEFT(B19,1)="-",$B$9+VALUE(SUBSTITUTE(B19," h",""))/24,$B$9))),"")
A23: =IFERROR(IF(VLOOKUP($B$4,_Lookups!$CB:$CG,2,FALSE())="","",INDIRECT("_Lookups!"&ADDRESS(2+1,VLOOKUP($B$4,_Lookups!$CB:$CG,2,FALSE())))),"") | B23: =IFERROR(IF(VLOOKUP($B$4,_Lookups!$CB:$CG,3,FALSE())="","",IF(INDIRECT("_Lookups!"&ADDRESS(2+1,VLOOKUP($B$4,_Lookups!$CB:$CG,3,FALSE())))="","",IF(INDIRECT("_Lookups!"&ADDRESS(2+1,VLOOKUP($B$4,_Lookups!$CB:$CG,3,FALSE())))<0,INDIRECT("_Lookups!"&ADDRESS(2+1,VLOOKUP($B$4,_Lookups!$CB:$CG,3,FALSE())))&" h","+"&INDIRECT("_Lookups!"&ADDRESS(2+1,VLOOKUP($B$4,_Lookups!$CB:$CG,3,FALSE())))&" h"))),"") | C23: =IFERROR(IF(VLOOKUP($B$4,_Lookups!$CB:$CG,4,FALSE())="","",INDIRECT("_Lookups!"&ADDRESS(2+1,VLOOKUP($B$4,_Lookups!$CB:$CG,4,FALSE())))),"") | D23: =IFERROR(IF(VLOOKUP($B$4,_Lookups!$CB:$CG,5,FALSE())="","",INDIRECT("_Lookups!"&ADDRESS(2+1,VLOOKUP($B$4,_Lookups!$CB:$CG,5,FALSE())))),"") | E23: =IFERROR(IF(A20="","",IF(ISNUMBER(SEARCH("Soak",A20)),TEXT($B$11,"0.00")&" kg",IF(ISNUMBER(SEARCH("Steam",A20)),TEXT($B$12,"0.00")&" kg",IF(ISNUMBER(SEARCH("DRY DOWN",A20)),TEXT($B$13,"0.00")&" kg",IF(ISNUMBER(SEARCH("Dekoji",A20)),TEXT($B$15,"0.00")&" kg",""))))),"") | F23: =IFERROR(IF(OR(A20="",$B$9=""),"",IF(LEFT(B20,1)="+",$B$9+VALUE(SUBSTITUTE(B20," h",""))/24,IF(LEFT(B20,1)="-",$B$9+VALUE(SUBSTITUTE(B20," h",""))/24,$B$9))),"")
A24: =IFERROR(IF(VLOOKUP($B$4,_Lookups!$CB:$CG,2,FALSE())="","",INDIRECT("_Lookups!"&ADDRESS(3+1,VLOOKUP($B$4,_Lookups!$CB:$CG,2,FALSE())))),"") | B24: =IFERROR(IF(VLOOKUP($B$4,_Lookups!$CB:$CG,3,FALSE())="","",IF(INDIRECT("_Lookups!"&ADDRESS(3+1,VLOOKUP($B$4,_Lookups!$CB:$CG,3,FALSE())))="","",IF(INDIRECT("_Lookups!"&ADDRESS(3+1,VLOOKUP($B$4,_Lookups!$CB:$CG,3,FALSE())))<0,INDIRECT("_Lookups!"&ADDRESS(3+1,VLOOKUP($B$4,_Lookups!$CB:$CG,3,FALSE())))&" h","+"&INDIRECT("_Lookups!"&ADDRESS(3+1,VLOOKUP($B$4,_Lookups!$CB:$CG,3,FALSE())))&" h"))),"") | C24: =IFERROR(IF(VLOOKUP($B$4,_Lookups!$CB:$CG,4,FALSE())="","",INDIRECT("_Lookups!"&ADDRESS(3+1,VLOOKUP($B$4,_Lookups!$CB:$CG,4,FALSE())))),"") | D24: =IFERROR(IF(VLOOKUP($B$4,_Lookups!$CB:$CG,5,FALSE())="","",INDIRECT("_Lookups!"&ADDRESS(3+1,VLOOKUP($B$4,_Lookups!$CB:$CG,5,FALSE())))),"") | E24: =IFERROR(IF(A21="","",IF(ISNUMBER(SEARCH("Soak",A21)),TEXT($B$11,"0.00")&" kg",IF(ISNUMBER(SEARCH("Steam",A21)),TEXT($B$12,"0.00")&" kg",IF(ISNUMBER(SEARCH("DRY DOWN",A21)),TEXT($B$13,"0.00")&" kg",IF(ISNUMBER(SEARCH("Dekoji",A21)),TEXT($B$15,"0.00")&" kg",""))))),"") | F24: =IFERROR(IF(OR(A21="",$B$9=""),"",IF(LEFT(B21,1)="+",$B$9+VALUE(SUBSTITUTE(B21," h",""))/24,IF(LEFT(B21,1)="-",$B$9+VALUE(SUBSTITUTE(B21," h",""))/24,$B$9))),"")
A25: =IFERROR(IF(VLOOKUP($B$4,_Lookups!$CB:$CG,2,FALSE())="","",INDIRECT("_Lookups!"&ADDRESS(4+1,VLOOKUP($B$4,_Lookups!$CB:$CG,2,FALSE())))),"") | B25: =IFERROR(IF(VLOOKUP($B$4,_Lookups!$CB:$CG,3,FALSE())="","",IF(INDIRECT("_Lookups!"&ADDRESS(4+1,VLOOKUP($B$4,_Lookups!$CB:$CG,3,FALSE())))="","",IF(INDIRECT("_Lookups!"&ADDRESS(4+1,VLOOKUP($B$4,_Lookups!$CB:$CG,3,FALSE())))<0,INDIRECT("_Lookups!"&ADDRESS(4+1,VLOOKUP($B$4,_Lookups!$CB:$CG,3,FALSE())))&" h","+"&INDIRECT("_Lookups!"&ADDRESS(4+1,VLOOKUP($B$4,_Lookups!$CB:$CG,3,FALSE())))&" h"))),"") | C25: =IFERROR(IF(VLOOKUP($B$4,_Lookups!$CB:$CG,4,FALSE())="","",INDIRECT("_Lookups!"&ADDRESS(4+1,VLOOKUP($B$4,_Lookups!$CB:$CG,4,FALSE())))),"") | D25: =IFERROR(IF(VLOOKUP($B$4,_Lookups!$CB:$CG,5,FALSE())="","",INDIRECT("_Lookups!"&ADDRESS(4+1,VLOOKUP($B$4,_Lookups!$CB:$CG,5,FALSE())))),"") | E25: =IFERROR(IF(A22="","",IF(ISNUMBER(SEARCH("Soak",A22)),TEXT($B$11,"0.00")&" kg",IF(ISNUMBER(SEARCH("Steam",A22)),TEXT($B$12,"0.00")&" kg",IF(ISNUMBER(SEARCH("DRY DOWN",A22)),TEXT($B$13,"0.00")&" kg",IF(ISNUMBER(SEARCH("Dekoji",A22)),TEXT($B$15,"0.00")&" kg",""))))),"") | F25: =IFERROR(IF(OR(A22="",$B$9=""),"",IF(LEFT(B22,1)="+",$B$9+VALUE(SUBSTITUTE(B22," h",""))/24,IF(LEFT(B22,1)="-",$B$9+VALUE(SUBSTITUTE(B22," h",""))/24,$B$9))),"")
A26: =IFERROR(IF(VLOOKUP($B$4,_Lookups!$CB:$CG,2,FALSE())="","",INDIRECT("_Lookups!"&ADDRESS(5+1,VLOOKUP($B$4,_Lookups!$CB:$CG,2,FALSE())))),"") | B26: =IFERROR(IF(VLOOKUP($B$4,_Lookups!$CB:$CG,3,FALSE())="","",IF(INDIRECT("_Lookups!"&ADDRESS(5+1,VLOOKUP($B$4,_Lookups!$CB:$CG,3,FALSE())))="","",IF(INDIRECT("_Lookups!"&ADDRESS(5+1,VLOOKUP($B$4,_Lookups!$CB:$CG,3,FALSE())))<0,INDIRECT("_Lookups!"&ADDRESS(5+1,VLOOKUP($B$4,_Lookups!$CB:$CG,3,FALSE())))&" h","+"&INDIRECT("_Lookups!"&ADDRESS(5+1,VLOOKUP($B$4,_Lookups!$CB:$CG,3,FALSE())))&" h"))),"") | C26: =IFERROR(IF(VLOOKUP($B$4,_Lookups!$CB:$CG,4,FALSE())="","",INDIRECT("_Lookups!"&ADDRESS(5+1,VLOOKUP($B$4,_Lookups!$CB:$CG,4,FALSE())))),"") | D26: =IFERROR(IF(VLOOKUP($B$4,_Lookups!$CB:$CG,5,FALSE())="","",INDIRECT("_Lookups!"&ADDRESS(5+1,VLOOKUP($B$4,_Lookups!$CB:$CG,5,FALSE())))),"") | E26: =IFERROR(IF(A23="","",IF(ISNUMBER(SEARCH("Soak",A23)),TEXT($B$11,"0.00")&" kg",IF(ISNUMBER(SEARCH("Steam",A23)),TEXT($B$12,"0.00")&" kg",IF(ISNUMBER(SEARCH("DRY DOWN",A23)),TEXT($B$13,"0.00")&" kg",IF(ISNUMBER(SEARCH("Dekoji",A23)),TEXT($B$15,"0.00")&" kg",""))))),"") | F26: =IFERROR(IF(OR(A23="",$B$9=""),"",IF(LEFT(B23,1)="+",$B$9+VALUE(SUBSTITUTE(B23," h",""))/24,IF(LEFT(B23,1)="-",$B$9+VALUE(SUBSTITUTE(B23," h",""))/24,$B$9))),"")
A27: =IFERROR(IF(VLOOKUP($B$4,_Lookups!$CB:$CG,2,FALSE())="","",INDIRECT("_Lookups!"&ADDRESS(6+1,VLOOKUP($B$4,_Lookups!$CB:$CG,2,FALSE())))),"") | B27: =IFERROR(IF(VLOOKUP($B$4,_Lookups!$CB:$CG,3,FALSE())="","",IF(INDIRECT("_Lookups!"&ADDRESS(6+1,VLOOKUP($B$4,_Lookups!$CB:$CG,3,FALSE())))="","",IF(INDIRECT("_Lookups!"&ADDRESS(6+1,VLOOKUP($B$4,_Lookups!$CB:$CG,3,FALSE())))<0,INDIRECT("_Lookups!"&ADDRESS(6+1,VLOOKUP($B$4,_Lookups!$CB:$CG,3,FALSE())))&" h","+"&INDIRECT("_Lookups!"&ADDRESS(6+1,VLOOKUP($B$4,_Lookups!$CB:$CG,3,FALSE())))&" h"))),"") | C27: =IFERROR(IF(VLOOKUP($B$4,_Lookups!$CB:$CG,4,FALSE())="","",INDIRECT("_Lookups!"&ADDRESS(6+1,VLOOKUP($B$4,_Lookups!$CB:$CG,4,FALSE())))),"") | D27: =IFERROR(IF(VLOOKUP($B$4,_Lookups!$CB:$CG,5,FALSE())="","",INDIRECT("_Lookups!"&ADDRESS(6+1,VLOOKUP($B$4,_Lookups!$CB:$CG,5,FALSE())))),"") | E27: =IFERROR(IF(A24="","",IF(ISNUMBER(SEARCH("Soak",A24)),TEXT($B$11,"0.00")&" kg",IF(ISNUMBER(SEARCH("Steam",A24)),TEXT($B$12,"0.00")&" kg",IF(ISNUMBER(SEARCH("DRY DOWN",A24)),TEXT($B$13,"0.00")&" kg",IF(ISNUMBER(SEARCH("Dekoji",A24)),TEXT($B$15,"0.00")&" kg",""))))),"") | F27: =IFERROR(IF(OR(A24="",$B$9=""),"",IF(LEFT(B24,1)="+",$B$9+VALUE(SUBSTITUTE(B24," h",""))/24,IF(LEFT(B24,1)="-",$B$9+VALUE(SUBSTITUTE(B24," h",""))/24,$B$9))),"")
A28: =IFERROR(IF(VLOOKUP($B$4,_Lookups!$CB:$CG,2,FALSE())="","",INDIRECT("_Lookups!"&ADDRESS(7+1,VLOOKUP($B$4,_Lookups!$CB:$CG,2,FALSE())))),"") | B28: =IFERROR(IF(VLOOKUP($B$4,_Lookups!$CB:$CG,3,FALSE())="","",IF(INDIRECT("_Lookups!"&ADDRESS(7+1,VLOOKUP($B$4,_Lookups!$CB:$CG,3,FALSE())))="","",IF(INDIRECT("_Lookups!"&ADDRESS(7+1,VLOOKUP($B$4,_Lookups!$CB:$CG,3,FALSE())))<0,INDIRECT("_Lookups!"&ADDRESS(7+1,VLOOKUP($B$4,_Lookups!$CB:$CG,3,FALSE())))&" h","+"&INDIRECT("_Lookups!"&ADDRESS(7+1,VLOOKUP($B$4,_Lookups!$CB:$CG,3,FALSE())))&" h"))),"") | C28: =IFERROR(IF(VLOOKUP($B$4,_Lookups!$CB:$CG,4,FALSE())="","",INDIRECT("_Lookups!"&ADDRESS(7+1,VLOOKUP($B$4,_Lookups!$CB:$CG,4,FALSE())))),"") | D28: =IFERROR(IF(VLOOKUP($B$4,_Lookups!$CB:$CG,5,FALSE())="","",INDIRECT("_Lookups!"&ADDRESS(7+1,VLOOKUP($B$4,_Lookups!$CB:$CG,5,FALSE())))),"") | E28: =IFERROR(IF(A25="","",IF(ISNUMBER(SEARCH("Soak",A25)),TEXT($B$11,"0.00")&" kg",IF(ISNUMBER(SEARCH("Steam",A25)),TEXT($B$12,"0.00")&" kg",IF(ISNUMBER(SEARCH("DRY DOWN",A25)),TEXT($B$13,"0.00")&" kg",IF(ISNUMBER(SEARCH("Dekoji",A25)),TEXT($B$15,"0.00")&" kg",""))))),"") | F28: =IFERROR(IF(OR(A25="",$B$9=""),"",IF(LEFT(B25,1)="+",$B$9+VALUE(SUBSTITUTE(B25," h",""))/24,IF(LEFT(B25,1)="-",$B$9+VALUE(SUBSTITUTE(B25," h",""))/24,$B$9))),"")
A29: =IFERROR(IF(VLOOKUP($B$4,_Lookups!$CB:$CG,2,FALSE())="","",INDIRECT("_Lookups!"&ADDRESS(8+1,VLOOKUP($B$4,_Lookups!$CB:$CG,2,FALSE())))),"") | B29: =IFERROR(IF(VLOOKUP($B$4,_Lookups!$CB:$CG,3,FALSE())="","",IF(INDIRECT("_Lookups!"&ADDRESS(8+1,VLOOKUP($B$4,_Lookups!$CB:$CG,3,FALSE())))="","",IF(INDIRECT("_Lookups!"&ADDRESS(8+1,VLOOKUP($B$4,_Lookups!$CB:$CG,3,FALSE())))<0,INDIRECT("_Lookups!"&ADDRESS(8+1,VLOOKUP($B$4,_Lookups!$CB:$CG,3,FALSE())))&" h","+"&INDIRECT("_Lookups!"&ADDRESS(8+1,VLOOKUP($B$4,_Lookups!$CB:$CG,3,FALSE())))&" h"))),"") | C29: =IFERROR(IF(VLOOKUP($B$4,_Lookups!$CB:$CG,4,FALSE())="","",INDIRECT("_Lookups!"&ADDRESS(8+1,VLOOKUP($B$4,_Lookups!$CB:$CG,4,FALSE())))),"") | D29: =IFERROR(IF(VLOOKUP($B$4,_Lookups!$CB:$CG,5,FALSE())="","",INDIRECT("_Lookups!"&ADDRESS(8+1,VLOOKUP($B$4,_Lookups!$CB:$CG,5,FALSE())))),"") | E29: =IFERROR(IF(A26="","",IF(ISNUMBER(SEARCH("Soak",A26)),TEXT($B$11,"0.00")&" kg",IF(ISNUMBER(SEARCH("Steam",A26)),TEXT($B$12,"0.00")&" kg",IF(ISNUMBER(SEARCH("DRY DOWN",A26)),TEXT($B$13,"0.00")&" kg",IF(ISNUMBER(SEARCH("Dekoji",A26)),TEXT($B$15,"0.00")&" kg",""))))),"") | F29: =IFERROR(IF(OR(A26="",$B$9=""),"",IF(LEFT(B26,1)="+",$B$9+VALUE(SUBSTITUTE(B26," h",""))/24,IF(LEFT(B26,1)="-",$B$9+VALUE(SUBSTITUTE(B26," h",""))/24,$B$9))),"")
A30: =IFERROR(IF(VLOOKUP($B$4,_Lookups!$CB:$CG,2,FALSE())="","",INDIRECT("_Lookups!"&ADDRESS(9+1,VLOOKUP($B$4,_Lookups!$CB:$CG,2,FALSE())))),"") | B30: =IFERROR(IF(VLOOKUP($B$4,_Lookups!$CB:$CG,3,FALSE())="","",IF(INDIRECT("_Lookups!"&ADDRESS(9+1,VLOOKUP($B$4,_Lookups!$CB:$CG,3,FALSE())))="","",IF(INDIRECT("_Lookups!"&ADDRESS(9+1,VLOOKUP($B$4,_Lookups!$CB:$CG,3,FALSE())))<0,INDIRECT("_Lookups!"&ADDRESS(9+1,VLOOKUP($B$4,_Lookups!$CB:$CG,3,FALSE())))&" h","+"&INDIRECT("_Lookups!"&ADDRESS(9+1,VLOOKUP($B$4,_Lookups!$CB:$CG,3,FALSE())))&" h"))),"") | C30: =IFERROR(IF(VLOOKUP($B$4,_Lookups!$CB:$CG,4,FALSE())="","",INDIRECT("_Lookups!"&ADDRESS(9+1,VLOOKUP($B$4,_Lookups!$CB:$CG,4,FALSE())))),"") | D30: =IFERROR(IF(VLOOKUP($B$4,_Lookups!$CB:$CG,5,FALSE())="","",INDIRECT("_Lookups!"&ADDRESS(9+1,VLOOKUP($B$4,_Lookups!$CB:$CG,5,FALSE())))),"") | E30: =IFERROR(IF(A27="","",IF(ISNUMBER(SEARCH("Soak",A27)),TEXT($B$11,"0.00")&" kg",IF(ISNUMBER(SEARCH("Steam",A27)),TEXT($B$12,"0.00")&" kg",IF(ISNUMBER(SEARCH("DRY DOWN",A27)),TEXT($B$13,"0.00")&" kg",IF(ISNUMBER(SEARCH("Dekoji",A27)),TEXT($B$15,"0.00")&" kg",""))))),"") | F30: =IFERROR(IF(OR(A27="",$B$9=""),"",IF(LEFT(B27,1)="+",$B$9+VALUE(SUBSTITUTE(B27," h",""))/24,IF(LEFT(B27,1)="-",$B$9+VALUE(SUBSTITUTE(B27," h",""))/24,$B$9))),"")
A31: =IFERROR(IF(VLOOKUP($B$4,_Lookups!$CB:$CG,2,FALSE())="","",INDIRECT("_Lookups!"&ADDRESS(10+1,VLOOKUP($B$4,_Lookups!$CB:$CG,2,FALSE())))),"") | B31: =IFERROR(IF(VLOOKUP($B$4,_Lookups!$CB:$CG,3,FALSE())="","",IF(INDIRECT("_Lookups!"&ADDRESS(10+1,VLOOKUP($B$4,_Lookups!$CB:$CG,3,FALSE())))="","",IF(INDIRECT("_Lookups!"&ADDRESS(10+1,VLOOKUP($B$4,_Lookups!$CB:$CG,3,FALSE())))<0,INDIRECT("_Lookups!"&ADDRESS(10+1,VLOOKUP($B$4,_Lookups!$CB:$CG,3,FALSE())))&" h","+"&INDIRECT("_Lookups!"&ADDRESS(10+1,VLOOKUP($B$4,_Lookups!$CB:$CG,3,FALSE())))&" h"))),"") | C31: =IFERROR(IF(VLOOKUP($B$4,_Lookups!$CB:$CG,4,FALSE())="","",INDIRECT("_Lookups!"&ADDRESS(10+1,VLOOKUP($B$4,_Lookups!$CB:$CG,4,FALSE())))),"") | D31: =IFERROR(IF(VLOOKUP($B$4,_Lookups!$CB:$CG,5,FALSE())="","",INDIRECT("_Lookups!"&ADDRESS(10+1,VLOOKUP($B$4,_Lookups!$CB:$CG,5,FALSE())))),"") | E31: =IFERROR(IF(A28="","",IF(ISNUMBER(SEARCH("Soak",A28)),TEXT($B$11,"0.00")&" kg",IF(ISNUMBER(SEARCH("Steam",A28)),TEXT($B$12,"0.00")&" kg",IF(ISNUMBER(SEARCH("DRY DOWN",A28)),TEXT($B$13,"0.00")&" kg",IF(ISNUMBER(SEARCH("Dekoji",A28)),TEXT($B$15,"0.00")&" kg",""))))),"") | F31: =IFERROR(IF(OR(A28="",$B$9=""),"",IF(LEFT(B28,1)="+",$B$9+VALUE(SUBSTITUTE(B28," h",""))/24,IF(LEFT(B28,1)="-",$B$9+VALUE(SUBSTITUTE(B28," h",""))/24,$B$9))),"")
A32: =IFERROR(IF(VLOOKUP($B$4,_Lookups!$CB:$CG,2,FALSE())="","",INDIRECT("_Lookups!"&ADDRESS(11+1,VLOOKUP($B$4,_Lookups!$CB:$CG,2,FALSE())))),"")
A33: =IFERROR(IF(VLOOKUP($B$4,_Lookups!$CB:$CG,2,FALSE())="","",INDIRECT("_Lookups!"&ADDRESS(12+1,VLOOKUP($B$4,_Lookups!$CB:$CG,2,FALSE())))),"") | B33: =IFERROR(IF(VLOOKUP($B$4,_Lookups!$CB:$CG,3,FALSE())="","",IF(INDIRECT("_Lookups!"&ADDRESS(12+1,VLOOKUP($B$4,_Lookups!$CB:$CG,3,FALSE())))="","",IF(INDIRECT("_Lookups!"&ADDRESS(12+1,VLOOKUP($B$4,_Lookups!$CB:$CG,3,FALSE())))<0,INDIRECT("_Lookups!"&ADDRESS(12+1,VLOOKUP($B$4,_Lookups!$CB:$CG,3,FALSE())))&" h","+"&INDIRECT("_Lookups!"&ADDRESS(12+1,VLOOKUP($B$4,_Lookups!$CB:$CG,3,FALSE())))&" h"))),"") | C33: =IFERROR(IF(VLOOKUP($B$4,_Lookups!$CB:$CG,4,FALSE())="","",INDIRECT("_Lookups!"&ADDRESS(12+1,VLOOKUP($B$4,_Lookups!$CB:$CG,4,FALSE())))),"") | D33: =IFERROR(IF(VLOOKUP($B$4,_Lookups!$CB:$CG,5,FALSE())="","",INDIRECT("_Lookups!"&ADDRESS(12+1,VLOOKUP($B$4,_Lookups!$CB:$CG,5,FALSE())))),"") | E33: =IFERROR(IF(A30="","",IF(ISNUMBER(SEARCH("Soak",A30)),TEXT($B$11,"0.00")&" kg",IF(ISNUMBER(SEARCH("Steam",A30)),TEXT($B$12,"0.00")&" kg",IF(ISNUMBER(SEARCH("DRY DOWN",A30)),TEXT($B$13,"0.00")&" kg",IF(ISNUMBER(SEARCH("Dekoji",A30)),TEXT($B$15,"0.00")&" kg",""))))),"") | F33: =IFERROR(IF(OR(A30="",$B$6=""),"",IF(LEFT(B30,1)="+",$B$6+VALUE(SUBSTITUTE(B30," h",""))/24,IF(LEFT(B30,1)="-",$B$6+VALUE(SUBSTITUTE(B30," h",""))/24,$B$6))),"")
A35: MOTO PLAN
A36: Moto type | B36: Select ▽
A37: Moto start
A38: Elapsed hours | B38: =IFERROR(IF(OR(B37="",ISBLANK(B37)),"",(NOW()-B37)*24),"") | C38: hours
A40: MOTO QUANTITIES
A41: Total moto rice (kg) | B41: =IFERROR(_Allocations!B11,"") -> 6.93
A42: Moto koji (kg) | B42: =IFERROR(_Allocations!C11,"") -> 2.2869
A43: Moto water (L) | B43: =IFERROR(_Allocations!D11,"") -> 7.623
A44: Moto kakemai (kg) | B44: =IFERROR(_Allocations!B24,"") -> 4.6431
A46: MOTO WORKFLOW
A47: Step | B47: Time | C47: Temp | D47: pH | E47: Target | F47: Check | G47: Scheduled
A48: =IFERROR(IF(VLOOKUP($B$36,_Lookups!$DD:$DI,2,FALSE())="","",IF(OR(INDIRECT("_Lookups!"&ADDRESS(1+1,VLOOKUP($B$36,_Lookups!$DD:$DI,2,FALSE())))="",INDIRECT("_Lookups!"&ADDRESS(1+1,VLOOKUP($B$36,_Lookups!$DD:$DI,2,FALSE())))=0),"",INDIRECT("_Lookups!"&ADDRESS(1+1,VLOOKUP($B$36,_Lookups!$DD:$DI,2,FALSE()))))),"") | B48: =IFERROR(IF(A45="","",INDIRECT("_Lookups!"&ADDRESS(1+1,VLOOKUP($B$36,_Lookups!$DD:$DI,3,FALSE())))),"") | C48: =IFERROR(IF(A45="","",INDIRECT("_Lookups!"&ADDRESS(1+1,VLOOKUP($B$36,_Lookups!$DD:$DI,4,FALSE())))),"") | D48: =IFERROR(IF(A45="","",INDIRECT("_Lookups!"&ADDRESS(1+1,VLOOKUP($B$36,_Lookups!$DD:$DI,5,FALSE())))),"") | E48: =IFERROR(IF(A45="","",INDIRECT("_Lookups!"&ADDRESS(1+1,VLOOKUP($B$36,_Lookups!$DD:$DI,6,FALSE())))),"") | G48: =IFERROR(IF(OR(A45="",$B$37=""),"",IF(B45="Start",$B$37,IF(LEFT(B45,1)="+",$B$37+VALUE(SUBSTITUTE(SUBSTITUTE(B45,"+","")," hrs",""))/24,IF(LEFT(B45,3)="Day",$B$37+VALUE(MID(B45,5,10)),$B$37)))),"")
A49: =IFERROR(IF(VLOOKUP($B$36,_Lookups!$DD:$DI,2,FALSE())="","",IF(OR(INDIRECT("_Lookups!"&ADDRESS(1+2,VLOOKUP($B$36,_Lookups!$DD:$DI,2,FALSE())))="",INDIRECT("_Lookups!"&ADDRESS(1+2,VLOOKUP($B$36,_Lookups!$DD:$DI,2,FALSE())))=0),"",INDIRECT("_Lookups!"&ADDRESS(1+2,VLOOKUP($B$36,_Lookups!$DD:$DI,2,FALSE()))))),"") | B49: =IFERROR(IF(A46="","",INDIRECT("_Lookups!"&ADDRESS(1+2,VLOOKUP($B$36,_Lookups!$DD:$DI,3,FALSE())))),"") | C49: =IFERROR(IF(A46="","",INDIRECT("_Lookups!"&ADDRESS(1+2,VLOOKUP($B$36,_Lookups!$DD:$DI,4,FALSE())))),"") | D49: =IFERROR(IF(A46="","",INDIRECT("_Lookups!"&ADDRESS(1+2,VLOOKUP($B$36,_Lookups!$DD:$DI,5,FALSE())))),"") | E49: =IFERROR(IF(A46="","",INDIRECT("_Lookups!"&ADDRESS(1+2,VLOOKUP($B$36,_Lookups!$DD:$DI,6,FALSE())))),"") | G49: =IFERROR(IF(OR(A46="",$B$37=""),"",IF(B46="Start",$B$37,IF(LEFT(B46,1)="+",$B$37+VALUE(SUBSTITUTE(SUBSTITUTE(B46,"+","")," hrs",""))/24,IF(LEFT(B46,3)="Day",$B$37+VALUE(MID(B46,5,10)),$B$37)))),"")
A50: =IFERROR(IF(VLOOKUP($B$36,_Lookups!$DD:$DI,2,FALSE())="","",IF(OR(INDIRECT("_Lookups!"&ADDRESS(1+3,VLOOKUP($B$36,_Lookups!$DD:$DI,2,FALSE())))="",INDIRECT("_Lookups!"&ADDRESS(1+3,VLOOKUP($B$36,_Lookups!$DD:$DI,2,FALSE())))=0),"",INDIRECT("_Lookups!"&ADDRESS(1+3,VLOOKUP($B$36,_Lookups!$DD:$DI,2,FALSE()))))),"") | B50: =IFERROR(IF(A47="","",INDIRECT("_Lookups!"&ADDRESS(1+3,VLOOKUP($B$36,_Lookups!$DD:$DI,3,FALSE())))),"") | C50: =IFERROR(IF(A47="","",INDIRECT("_Lookups!"&ADDRESS(1+3,VLOOKUP($B$36,_Lookups!$DD:$DI,4,FALSE())))),"") | D50: =IFERROR(IF(A47="","",INDIRECT("_Lookups!"&ADDRESS(1+3,VLOOKUP($B$36,_Lookups!$DD:$DI,5,FALSE())))),"") | E50: =IFERROR(IF(A47="","",INDIRECT("_Lookups!"&ADDRESS(1+3,VLOOKUP($B$36,_Lookups!$DD:$DI,6,FALSE())))),"") | G50: =IFERROR(IF(OR(A47="",$B$37=""),"",IF(B47="Start",$B$37,IF(LEFT(B47,1)="+",$B$37+VALUE(SUBSTITUTE(SUBSTITUTE(B47,"+","")," hrs",""))/24,IF(LEFT(B47,3)="Day",$B$37+VALUE(MID(B47,5,10)),$B$37)))),"")
A51: =IFERROR(IF(VLOOKUP($B$36,_Lookups!$DD:$DI,2,FALSE())="","",IF(OR(INDIRECT("_Lookups!"&ADDRESS(1+4,VLOOKUP($B$36,_Lookups!$DD:$DI,2,FALSE())))="",INDIRECT("_Lookups!"&ADDRESS(1+4,VLOOKUP($B$36,_Lookups!$DD:$DI,2,FALSE())))=0),"",INDIRECT("_Lookups!"&ADDRESS(1+4,VLOOKUP($B$36,_Lookups!$DD:$DI,2,FALSE()))))),"") | B51: =IFERROR(IF(A48="","",INDIRECT("_Lookups!"&ADDRESS(1+4,VLOOKUP($B$36,_Lookups!$DD:$DI,3,FALSE())))),"") | C51: =IFERROR(IF(A48="","",INDIRECT("_Lookups!"&ADDRESS(1+4,VLOOKUP($B$36,_Lookups!$DD:$DI,4,FALSE())))),"") | D51: =IFERROR(IF(A48="","",INDIRECT("_Lookups!"&ADDRESS(1+4,VLOOKUP($B$36,_Lookups!$DD:$DI,5,FALSE())))),"") | E51: =IFERROR(IF(A48="","",INDIRECT("_Lookups!"&ADDRESS(1+4,VLOOKUP($B$36,_Lookups!$DD:$DI,6,FALSE())))),"") | G51: =IFERROR(IF(OR(A48="",$B$37=""),"",IF(B48="Start",$B$37,IF(LEFT(B48,1)="+",$B$37+VALUE(SUBSTITUTE(SUBSTITUTE(B48,"+","")," hrs",""))/24,IF(LEFT(B48,3)="Day",$B$37+VALUE(MID(B48,5,10)),$B$37)))),"")
A52: =IFERROR(IF(VLOOKUP($B$36,_Lookups!$DD:$DI,2,FALSE())="","",IF(OR(INDIRECT("_Lookups!"&ADDRESS(1+5,VLOOKUP($B$36,_Lookups!$DD:$DI,2,FALSE())))="",INDIRECT("_Lookups!"&ADDRESS(1+5,VLOOKUP($B$36,_Lookups!$DD:$DI,2,FALSE())))=0),"",INDIRECT("_Lookups!"&ADDRESS(1+5,VLOOKUP($B$36,_Lookups!$DD:$DI,2,FALSE()))))),"") | B52: =IFERROR(IF(A49="","",INDIRECT("_Lookups!"&ADDRESS(1+5,VLOOKUP($B$36,_Lookups!$DD:$DI,3,FALSE())))),"") | C52: =IFERROR(IF(A49="","",INDIRECT("_Lookups!"&ADDRESS(1+5,VLOOKUP($B$36,_Lookups!$DD:$DI,4,FALSE())))),"") | D52: =IFERROR(IF(A49="","",INDIRECT("_Lookups!"&ADDRESS(1+5,VLOOKUP($B$36,_Lookups!$DD:$DI,5,FALSE())))),"") | E52: =IFERROR(IF(A49="","",INDIRECT("_Lookups!"&ADDRESS(1+5,VLOOKUP($B$36,_Lookups!$DD:$DI,6,FALSE())))),"") | G52: =IFERROR(IF(OR(A49="",$B$37=""),"",IF(B49="Start",$B$37,IF(LEFT(B49,1)="+",$B$37+VALUE(SUBSTITUTE(SUBSTITUTE(B49,"+","")," hrs",""))/24,IF(LEFT(B49,3)="Day",$B$37+VALUE(MID(B49,5,10)),$B$37)))),"")
A53: =IFERROR(IF(VLOOKUP($B$36,_Lookups!$DD:$DI,2,FALSE())="","",IF(OR(INDIRECT("_Lookups!"&ADDRESS(1+6,VLOOKUP($B$36,_Lookups!$DD:$DI,2,FALSE())))="",INDIRECT("_Lookups!"&ADDRESS(1+6,VLOOKUP($B$36,_Lookups!$DD:$DI,2,FALSE())))=0),"",INDIRECT("_Lookups!"&ADDRESS(1+6,VLOOKUP($B$36,_Lookups!$DD:$DI,2,FALSE()))))),"") | B53: =IFERROR(IF(A50="","",INDIRECT("_Lookups!"&ADDRESS(1+6,VLOOKUP($B$36,_Lookups!$DD:$DI,3,FALSE())))),"") | C53: =IFERROR(IF(A50="","",INDIRECT("_Lookups!"&ADDRESS(1+6,VLOOKUP($B$36,_Lookups!$DD:$DI,4,FALSE())))),"") | D53: =IFERROR(IF(A50="","",INDIRECT("_Lookups!"&ADDRESS(1+6,VLOOKUP($B$36,_Lookups!$DD:$DI,5,FALSE())))),"") | E53: =IFERROR(IF(A50="","",INDIRECT("_Lookups!"&ADDRESS(1+6,VLOOKUP($B$36,_Lookups!$DD:$DI,6,FALSE())))),"") | G53: =IFERROR(IF(OR(A50="",$B$37=""),"",IF(B50="Start",$B$37,IF(LEFT(B50,1)="+",$B$37+VALUE(SUBSTITUTE(SUBSTITUTE(B50,"+","")," hrs",""))/24,IF(LEFT(B50,3)="Day",$B$37+VALUE(MID(B50,5,10)),$B$37)))),"")
A54: =IFERROR(IF(VLOOKUP($B$36,_Lookups!$DD:$DI,2,FALSE())="","",IF(OR(INDIRECT("_Lookups!"&ADDRESS(1+7,VLOOKUP($B$36,_Lookups!$DD:$DI,2,FALSE())))="",INDIRECT("_Lookups!"&ADDRESS(1+7,VLOOKUP($B$36,_Lookups!$DD:$DI,2,FALSE())))=0),"",INDIRECT("_Lookups!"&ADDRESS(1+7,VLOOKUP($B$36,_Lookups!$DD:$DI,2,FALSE()))))),"") | B54: =IFERROR(IF(A51="","",INDIRECT("_Lookups!"&ADDRESS(1+7,VLOOKUP($B$36,_Lookups!$DD:$DI,3,FALSE())))),"") | C54: =IFERROR(IF(A51="","",INDIRECT("_Lookups!"&ADDRESS(1+7,VLOOKUP($B$36,_Lookups!$DD:$DI,4,FALSE())))),"") | D54: =IFERROR(IF(A51="","",INDIRECT("_Lookups!"&ADDRESS(1+7,VLOOKUP($B$36,_Lookups!$DD:$DI,5,FALSE())))),"") | E54: =IFERROR(IF(A51="","",INDIRECT("_Lookups!"&ADDRESS(1+7,VLOOKUP($B$36,_Lookups!$DD:$DI,6,FALSE())))),"") | G54: =IFERROR(IF(OR(A51="",$B$37=""),"",IF(B51="Start",$B$37,IF(LEFT(B51,1)="+",$B$37+VALUE(SUBSTITUTE(SUBSTITUTE(B51,"+","")," hrs",""))/24,IF(LEFT(B51,3)="Day",$B$37+VALUE(MID(B51,5,10)),$B$37)))),"")
A55: =IFERROR(IF(VLOOKUP($B$36,_Lookups!$DD:$DI,2,FALSE())="","",IF(OR(INDIRECT("_Lookups!"&ADDRESS(1+8,VLOOKUP($B$36,_Lookups!$DD:$DI,2,FALSE())))="",INDIRECT("_Lookups!"&ADDRESS(1+8,VLOOKUP($B$36,_Lookups!$DD:$DI,2,FALSE())))=0),"",INDIRECT("_Lookups!"&ADDRESS(1+8,VLOOKUP($B$36,_Lookups!$DD:$DI,2,FALSE()))))),"") | B55: =IFERROR(IF(A52="","",INDIRECT("_Lookups!"&ADDRESS(1+8,VLOOKUP($B$36,_Lookups!$DD:$DI,3,FALSE())))),"") | C55: =IFERROR(IF(A52="","",INDIRECT("_Lookups!"&ADDRESS(1+8,VLOOKUP($B$36,_Lookups!$DD:$DI,4,FALSE())))),"") | D55: =IFERROR(IF(A52="","",INDIRECT("_Lookups!"&ADDRESS(1+8,VLOOKUP($B$36,_Lookups!$DD:$DI,5,FALSE())))),"") | E55: =IFERROR(IF(A52="","",INDIRECT("_Lookups!"&ADDRESS(1+8,VLOOKUP($B$36,_Lookups!$DD:$DI,6,FALSE())))),"") | G55: =IFERROR(IF(OR(A52="",$B$37=""),"",IF(B52="Start",$B$37,IF(LEFT(B52,1)="+",$B$37+VALUE(SUBSTITUTE(SUBSTITUTE(B52,"+","")," hrs",""))/24,IF(LEFT(B52,3)="Day",$B$37+VALUE(MID(B52,5,10)),$B$37)))),"")
A56: =IFERROR(IF(VLOOKUP($B$36,_Lookups!$DD:$DI,2,FALSE())="","",IF(OR(INDIRECT("_Lookups!"&ADDRESS(1+9,VLOOKUP($B$36,_Lookups!$DD:$DI,2,FALSE())))="",INDIRECT("_Lookups!"&ADDRESS(1+9,VLOOKUP($B$36,_Lookups!$DD:$DI,2,FALSE())))=0),"",INDIRECT("_Lookups!"&ADDRESS(1+9,VLOOKUP($B$36,_Lookups!$DD:$DI,2,FALSE()))))),"") | B56: =IFERROR(IF(A53="","",INDIRECT("_Lookups!"&ADDRESS(1+9,VLOOKUP($B$36,_Lookups!$DD:$DI,3,FALSE())))),"") | C56: =IFERROR(IF(A53="","",INDIRECT("_Lookups!"&ADDRESS(1+9,VLOOKUP($B$36,_Lookups!$DD:$DI,4,FALSE())))),"") | D56: =IFERROR(IF(A53="","",INDIRECT("_Lookups!"&ADDRESS(1+9,VLOOKUP($B$36,_Lookups!$DD:$DI,5,FALSE())))),"") | E56: =IFERROR(IF(A53="","",INDIRECT("_Lookups!"&ADDRESS(1+9,VLOOKUP($B$36,_Lookups!$DD:$DI,6,FALSE())))),"") | G56: =IFERROR(IF(OR(A53="",$B$37=""),"",IF(B53="Start",$B$37,IF(LEFT(B53,1)="+",$B$37+VALUE(SUBSTITUTE(SUBSTITUTE(B53,"+","")," hrs",""))/24,IF(LEFT(B53,3)="Day",$B$37+VALUE(MID(B53,5,10)),$B$37)))),"")
A57: =IFERROR(IF(VLOOKUP($B$36,_Lookups!$DD:$DI,2,FALSE())="","",IF(OR(INDIRECT("_Lookups!"&ADDRESS(1+10,VLOOKUP($B$36,_Lookups!$DD:$DI,2,FALSE())))="",INDIRECT("_Lookups!"&ADDRESS(1+10,VLOOKUP($B$36,_Lookups!$DD:$DI,2,FALSE())))=0),"",INDIRECT("_Lookups!"&ADDRESS(1+10,VLOOKUP($B$36,_Lookups!$DD:$DI,2,FALSE()))))),"") | B57: =IFERROR(IF(A54="","",INDIRECT("_Lookups!"&ADDRESS(1+10,VLOOKUP($B$36,_Lookups!$DD:$DI,3,FALSE())))),"") | C57: =IFERROR(IF(A54="","",INDIRECT("_Lookups!"&ADDRESS(1+10,VLOOKUP($B$36,_Lookups!$DD:$DI,4,FALSE())))),"") | D57: =IFERROR(IF(A54="","",INDIRECT("_Lookups!"&ADDRESS(1+10,VLOOKUP($B$36,_Lookups!$DD:$DI,5,FALSE())))),"") | E57: =IFERROR(IF(A54="","",INDIRECT("_Lookups!"&ADDRESS(1+10,VLOOKUP($B$36,_Lookups!$DD:$DI,6,FALSE())))),"") | G57: =IFERROR(IF(OR(A54="",$B$37=""),"",IF(B54="Start",$B$37,IF(LEFT(B54,1)="+",$B$37+VALUE(SUBSTITUTE(SUBSTITUTE(B54,"+","")," hrs",""))/24,IF(LEFT(B54,3)="Day",$B$37+VALUE(MID(B54,5,10)),$B$37)))),"")
A58: =IFERROR(IF(VLOOKUP($B$36,_Lookups!$DD:$DI,2,FALSE())="","",IF(OR(INDIRECT("_Lookups!"&ADDRESS(1+11,VLOOKUP($B$36,_Lookups!$DD:$DI,2,FALSE())))="",INDIRECT("_Lookups!"&ADDRESS(1+11,VLOOKUP($B$36,_Lookups!$DD:$DI,2,FALSE())))=0),"",INDIRECT("_Lookups!"&ADDRESS(1+11,VLOOKUP($B$36,_Lookups!$DD:$DI,2,FALSE()))))),"")
A59: =IFERROR(IF(VLOOKUP($B$36,_Lookups!$DD:$DI,2,FALSE())="","",IF(OR(INDIRECT("_Lookups!"&ADDRESS(1+12,VLOOKUP($B$36,_Lookups!$DD:$DI,2,FALSE())))="",INDIRECT("_Lookups!"&ADDRESS(1+12,VLOOKUP($B$36,_Lookups!$DD:$DI,2,FALSE())))=0),"",INDIRECT("_Lookups!"&ADDRESS(1+12,VLOOKUP($B$36,_Lookups!$DD:$DI,2,FALSE()))))),"") | B59: =IFERROR(IF(A56="","",INDIRECT("_Lookups!"&ADDRESS(1+12,VLOOKUP($B$36,_Lookups!$DD:$DI,3,FALSE())))),"") | C59: =IFERROR(IF(A56="","",INDIRECT("_Lookups!"&ADDRESS(1+12,VLOOKUP($B$36,_Lookups!$DD:$DI,4,FALSE())))),"") | D59: =IFERROR(IF(A56="","",INDIRECT("_Lookups!"&ADDRESS(1+12,VLOOKUP($B$36,_Lookups!$DD:$DI,5,FALSE())))),"") | E59: =IFERROR(IF(A56="","",INDIRECT("_Lookups!"&ADDRESS(1+12,VLOOKUP($B$36,_Lookups!$DD:$DI,6,FALSE())))),"") | G59: =IFERROR(IF(OR(A56="",$B$37=""),"",IF(B56="Start",$B$37,IF(LEFT(B56,1)="+",$B$37+VALUE(SUBSTITUTE(SUBSTITUTE(B56,"+","")," hrs",""))/24,IF(LEFT(B56,3)="Day",$B$37+VALUE(MID(B56,5,10)),$B$37)))),"")
A61: MOROMI PLAN
A62: Moromi method | B62: Select ▽
A63: Soe date (Day 0)
A64: Current day | B64: =IFERROR(IF(OR(B63="",ISBLANK(B63)),"",ROUND((NOW()-B63),0)),"")
A66: STAGE SCHEDULE
A67: Stage | B67: Day | C67: Kakemai | D67: Koji | E67: Water | F67: Date
A68: Soe | B68: 0 | C68: =IFERROR(_Allocations!B12,"") -> 13.8105 | D68: =IFERROR(_Allocations!C12,"") -> 5.458068 | E68: =IFERROR(_Allocations!D12,"") -> 13.119975 | F68: =IFERROR(IF(B63="","",B63+0),"")
A69: Odori | B69: 1 | C69: "-" | D69: "-" | E69: "-" | F69: =IFERROR(IF(B63="","",B63+1),"")
A70: Naka | B70: 2 | C70: =IFERROR(_Allocations!B13,"") -> 32.2245 | D70: =IFERROR(_Allocations!C13,"") -> 4.288482 | E70: =IFERROR(_Allocations!D13,"") -> 40.280625 | F70: =IFERROR(IF(B63="","",B63+2),"")
A71: Tome | B71: 3 | C71: =IFERROR(_Allocations!B14,"") -> 46.035 | D71: =IFERROR(_Allocations!C14,"") -> 3.508758 | E71: =IFERROR(_Allocations!D14,"") -> 66.75075 | F71: =IFERROR(IF(B63="","",B63+3),"")
A72: Yondan | B72: 9 | C72: =IFERROR(_Allocations!B15,"") -> 0 | D72: =IFERROR(_Allocations!C15,"") -> 0 | E72: =IFERROR(_Allocations!D15,"") -> 0 | F72: =IFERROR(IF(B63="","",B63+9),"")
A74: MOROMI WORKFLOW
A75: Step | B75: Time | C75: Temp | D75: Foam | E75: Target | F75: Scheduled
A76: =IFERROR(IF(VLOOKUP($B$62,_Lookups!$EA:$EF,2,FALSE())="","",IF(OR(INDIRECT("_Lookups!"&ADDRESS(1+1,VLOOKUP($B$62,_Lookups!$EA:$EF,2,FALSE())))="",INDIRECT("_Lookups!"&ADDRESS(1+1,VLOOKUP($B$62,_Lookups!$EA:$EF,2,FALSE())))=0),"",INDIRECT("_Lookups!"&ADDRESS(1+1,VLOOKUP($B$62,_Lookups!$EA:$EF,2,FALSE()))))),"") | B76: =IFERROR(IF(A76="","",INDIRECT("_Lookups!"&ADDRESS(1+1,VLOOKUP($B$62,_Lookups!$EA:$EF,3,FALSE())))),"") | C76: =IFERROR(IF(A73="","",INDIRECT("_Lookups!"&ADDRESS(1+1,VLOOKUP($B$62,_Lookups!$EA:$EF,4,FALSE())))),"") | D76: =IFERROR(IF(A73="","",INDIRECT("_Lookups!"&ADDRESS(1+1,VLOOKUP($B$62,_Lookups!$EA:$EF,5,FALSE())))),"") | E76: =IFERROR(IF(A73="","",INDIRECT("_Lookups!"&ADDRESS(1+1,VLOOKUP($B$62,_Lookups!$EA:$EF,6,FALSE())))),"") | F76: =IFERROR(IF(OR(A76="",$B$63=""),"",IF(LEFT(B76,3)="Day",$B$63+VALUE(MID(B76,5,2)),$B$63)),"")
A77: =IFERROR(IF(VLOOKUP($B$62,_Lookups!$EA:$EF,2,FALSE())="","",IF(OR(INDIRECT("_Lookups!"&ADDRESS(1+2,VLOOKUP($B$62,_Lookups!$EA:$EF,2,FALSE())))="",INDIRECT("_Lookups!"&ADDRESS(1+2,VLOOKUP($B$62,_Lookups!$EA:$EF,2,FALSE())))=0),"",INDIRECT("_Lookups!"&ADDRESS(1+2,VLOOKUP($B$62,_Lookups!$EA:$EF,2,FALSE()))))),"") | B77: =IFERROR(IF(A77="","",INDIRECT("_Lookups!"&ADDRESS(1+2,VLOOKUP($B$62,_Lookups!$EA:$EF,3,FALSE())))),"") | C77: =IFERROR(IF(A74="","",INDIRECT("_Lookups!"&ADDRESS(1+2,VLOOKUP($B$62,_Lookups!$EA:$EF,4,FALSE())))),"") | D77: =IFERROR(IF(A74="","",INDIRECT("_Lookups!"&ADDRESS(1+2,VLOOKUP($B$62,_Lookups!$EA:$EF,5,FALSE())))),"") | E77: =IFERROR(IF(A74="","",INDIRECT("_Lookups!"&ADDRESS(1+2,VLOOKUP($B$62,_Lookups!$EA:$EF,6,FALSE())))),"") | F77: =IFERROR(IF(OR(A77="",$B$63=""),"",IF(LEFT(B77,3)="Day",$B$63+VALUE(MID(B77,5,2)),$B$63)),"")
A78: =IFERROR(IF(VLOOKUP($B$62,_Lookups!$EA:$EF,2,FALSE())="","",IF(OR(INDIRECT("_Lookups!"&ADDRESS(1+3,VLOOKUP($B$62,_Lookups!$EA:$EF,2,FALSE())))="",INDIRECT("_Lookups!"&ADDRESS(1+3,VLOOKUP($B$62,_Lookups!$EA:$EF,2,FALSE())))=0),"",INDIRECT("_Lookups!"&ADDRESS(1+3,VLOOKUP($B$62,_Lookups!$EA:$EF,2,FALSE()))))),"") | B78: =IFERROR(IF(A78="","",INDIRECT("_Lookups!"&ADDRESS(1+3,VLOOKUP($B$62,_Lookups!$EA:$EF,3,FALSE())))),"") | C78: =IFERROR(IF(A75="","",INDIRECT("_Lookups!"&ADDRESS(1+3,VLOOKUP($B$62,_Lookups!$EA:$EF,4,FALSE())))),"") | D78: =IFERROR(IF(A75="","",INDIRECT("_Lookups!"&ADDRESS(1+3,VLOOKUP($B$62,_Lookups!$EA:$EF,5,FALSE())))),"") | E78: =IFERROR(IF(A75="","",INDIRECT("_Lookups!"&ADDRESS(1+3,VLOOKUP($B$62,_Lookups!$EA:$EF,6,FALSE())))),"") | F78: =IFERROR(IF(OR(A78="",$B$63=""),"",IF(LEFT(B78,3)="Day",$B$63+VALUE(MID(B78,5,2)),$B$63)),"")
A79: =IFERROR(IF(VLOOKUP($B$62,_Lookups!$EA:$EF,2,FALSE())="","",IF(OR(INDIRECT("_Lookups!"&ADDRESS(1+4,VLOOKUP($B$62,_Lookups!$EA:$EF,2,FALSE())))="",INDIRECT("_Lookups!"&ADDRESS(1+4,VLOOKUP($B$62,_Lookups!$EA:$EF,2,FALSE())))=0),"",INDIRECT("_Lookups!"&ADDRESS(1+4,VLOOKUP($B$62,_Lookups!$EA:$EF,2,FALSE()))))),"") | B79: =IFERROR(IF(A79="","",INDIRECT("_Lookups!"&ADDRESS(1+4,VLOOKUP($B$62,_Lookups!$EA:$EF,3,FALSE())))),"") | C79: =IFERROR(IF(A76="","",INDIRECT("_Lookups!"&ADDRESS(1+4,VLOOKUP($B$62,_Lookups!$EA:$EF,4,FALSE())))),"") | D79: =IFERROR(IF(A76="","",INDIRECT("_Lookups!"&ADDRESS(1+4,VLOOKUP($B$62,_Lookups!$EA:$EF,5,FALSE())))),"") | E79: =IFERROR(IF(A76="","",INDIRECT("_Lookups!"&ADDRESS(1+4,VLOOKUP($B$62,_Lookups!$EA:$EF,6,FALSE())))),"") | F79: =IFERROR(IF(OR(A79="",$B$63=""),"",IF(LEFT(B79,3)="Day",$B$63+VALUE(MID(B79,5,2)),$B$63)),"")
A80: =IFERROR(IF(VLOOKUP($B$62,_Lookups!$EA:$EF,2,FALSE())="","",IF(OR(INDIRECT("_Lookups!"&ADDRESS(1+5,VLOOKUP($B$62,_Lookups!$EA:$EF,2,FALSE())))="",INDIRECT("_Lookups!"&ADDRESS(1+5,VLOOKUP($B$62,_Lookups!$EA:$EF,2,FALSE())))=0),"",INDIRECT("_Lookups!"&ADDRESS(1+5,VLOOKUP($B$62,_Lookups!$EA:$EF,2,FALSE()))))),"") | B80: =IFERROR(IF(A80="","",INDIRECT("_Lookups!"&ADDRESS(1+5,VLOOKUP($B$62,_Lookups!$EA:$EF,3,FALSE())))),"") | C80: =IFERROR(IF(A77="","",INDIRECT("_Lookups!"&ADDRESS(1+5,VLOOKUP($B$62,_Lookups!$EA:$EF,4,FALSE())))),"") | D80: =IFERROR(IF(A77="","",INDIRECT("_Lookups!"&ADDRESS(1+5,VLOOKUP($B$62,_Lookups!$EA:$EF,5,FALSE())))),"") | E80: =IFERROR(IF(A77="","",INDIRECT("_Lookups!"&ADDRESS(1+5,VLOOKUP($B$62,_Lookups!$EA:$EF,6,FALSE())))),"") | F80: =IFERROR(IF(OR(A80="",$B$63=""),"",IF(LEFT(B80,3)="Day",$B$63+VALUE(MID(B80,5,2)),$B$63)),"")
A81: =IFERROR(IF(VLOOKUP($B$62,_Lookups!$EA:$EF,2,FALSE())="","",IF(OR(INDIRECT("_Lookups!"&ADDRESS(1+6,VLOOKUP($B$62,_Lookups!$EA:$EF,2,FALSE())))="",INDIRECT("_Lookups!"&ADDRESS(1+6,VLOOKUP($B$62,_Lookups!$EA:$EF,2,FALSE())))=0),"",INDIRECT("_Lookups!"&ADDRESS(1+6,VLOOKUP($B$62,_Lookups!$EA:$EF,2,FALSE()))))),"") | B81: =IFERROR(IF(A81="","",INDIRECT("_Lookups!"&ADDRESS(1+6,VLOOKUP($B$62,_Lookups!$EA:$EF,3,FALSE())))),"") | C81: =IFERROR(IF(A78="","",INDIRECT("_Lookups!"&ADDRESS(1+6,VLOOKUP($B$62,_Lookups!$EA:$EF,4,FALSE())))),"") | D81: =IFERROR(IF(A78="","",INDIRECT("_Lookups!"&ADDRESS(1+6,VLOOKUP($B$62,_Lookups!$EA:$EF,5,FALSE())))),"") | E81: =IFERROR(IF(A78="","",INDIRECT("_Lookups!"&ADDRESS(1+6,VLOOKUP($B$62,_Lookups!$EA:$EF,6,FALSE())))),"") | F81: =IFERROR(IF(OR(A81="",$B$63=""),"",IF(LEFT(B81,3)="Day",$B$63+VALUE(MID(B81,5,2)),$B$63)),"")
A82: =IFERROR(IF(VLOOKUP($B$62,_Lookups!$EA:$EF,2,FALSE())="","",IF(OR(INDIRECT("_Lookups!"&ADDRESS(1+7,VLOOKUP($B$62,_Lookups!$EA:$EF,2,FALSE())))="",INDIRECT("_Lookups!"&ADDRESS(1+7,VLOOKUP($B$62,_Lookups!$EA:$EF,2,FALSE())))=0),"",INDIRECT("_Lookups!"&ADDRESS(1+7,VLOOKUP($B$62,_Lookups!$EA:$EF,2,FALSE()))))),"") | B82: =IFERROR(IF(A82="","",INDIRECT("_Lookups!"&ADDRESS(1+7,VLOOKUP($B$62,_Lookups!$EA:$EF,3,FALSE())))),"") | C82: =IFERROR(IF(A79="","",INDIRECT("_Lookups!"&ADDRESS(1+7,VLOOKUP($B$62,_Lookups!$EA:$EF,4,FALSE())))),"") | D82: =IFERROR(IF(A79="","",INDIRECT("_Lookups!"&ADDRESS(1+7,VLOOKUP($B$62,_Lookups!$EA:$EF,5,FALSE())))),"") | E82: =IFERROR(IF(A79="","",INDIRECT("_Lookups!"&ADDRESS(1+7,VLOOKUP($B$62,_Lookups!$EA:$EF,6,FALSE())))),"") | F82: =IFERROR(IF(OR(A82="",$B$63=""),"",IF(LEFT(B82,3)="Day",$B$63+VALUE(MID(B82,5,2)),$B$63)),"")
A83: =IFERROR(IF(VLOOKUP($B$62,_Lookups!$EA:$EF,2,FALSE())="","",IF(OR(INDIRECT("_Lookups!"&ADDRESS(1+8,VLOOKUP($B$62,_Lookups!$EA:$EF,2,FALSE())))="",INDIRECT("_Lookups!"&ADDRESS(1+8,VLOOKUP($B$62,_Lookups!$EA:$EF,2,FALSE())))=0),"",INDIRECT("_Lookups!"&ADDRESS(1+8,VLOOKUP($B$62,_Lookups!$EA:$EF,2,FALSE()))))),"") | B83: =IFERROR(IF(A83="","",INDIRECT("_Lookups!"&ADDRESS(1+8,VLOOKUP($B$62,_Lookups!$EA:$EF,3,FALSE())))),"") | C83: =IFERROR(IF(A80="","",INDIRECT("_Lookups!"&ADDRESS(1+8,VLOOKUP($B$62,_Lookups!$EA:$EF,4,FALSE())))),"") | D83: =IFERROR(IF(A80="","",INDIRECT("_Lookups!"&ADDRESS(1+8,VLOOKUP($B$62,_Lookups!$EA:$EF,5,FALSE())))),"") | E83: =IFERROR(IF(A80="","",INDIRECT("_Lookups!"&ADDRESS(1+8,VLOOKUP($B$62,_Lookups!$EA:$EF,6,FALSE())))),"") | F83: =IFERROR(IF(OR(A83="",$B$63=""),"",IF(LEFT(B83,3)="Day",$B$63+VALUE(MID(B83,5,2)),$B$63)),"")
A84: =IFERROR(IF(VLOOKUP($B$62,_Lookups!$EA:$EF,2,FALSE())="","",IF(OR(INDIRECT("_Lookups!"&ADDRESS(1+9,VLOOKUP($B$62,_Lookups!$EA:$EF,2,FALSE())))="",INDIRECT("_Lookups!"&ADDRESS(1+9,VLOOKUP($B$62,_Lookups!$EA:$EF,2,FALSE())))=0),"",INDIRECT("_Lookups!"&ADDRESS(1+9,VLOOKUP($B$62,_Lookups!$EA:$EF,2,FALSE()))))),"") | B84: =IFERROR(IF(A84="","",INDIRECT("_Lookups!"&ADDRESS(1+9,VLOOKUP($B$62,_Lookups!$EA:$EF,3,FALSE())))),"") | C84: =IFERROR(IF(A81="","",INDIRECT("_Lookups!"&ADDRESS(1+9,VLOOKUP($B$62,_Lookups!$EA:$EF,4,FALSE())))),"") | D84: =IFERROR(IF(A81="","",INDIRECT("_Lookups!"&ADDRESS(1+9,VLOOKUP($B$62,_Lookups!$EA:$EF,5,FALSE())))),"") | E84: =IFERROR(IF(A81="","",INDIRECT("_Lookups!"&ADDRESS(1+9,VLOOKUP($B$62,_Lookups!$EA:$EF,6,FALSE())))),"") | F84: =IFERROR(IF(OR(A84="",$B$63=""),"",IF(LEFT(B84,3)="Day",$B$63+VALUE(MID(B84,5,2)),$B$63)),"")
A85: =IFERROR(IF(VLOOKUP($B$62,_Lookups!$EA:$EF,2,FALSE())="","",IF(OR(INDIRECT("_Lookups!"&ADDRESS(1+10,VLOOKUP($B$62,_Lookups!$EA:$EF,2,FALSE())))="",INDIRECT("_Lookups!"&ADDRESS(1+10,VLOOKUP($B$62,_Lookups!$EA:$EF,2,FALSE())))=0),"",INDIRECT("_Lookups!"&ADDRESS(1+10,VLOOKUP($B$62,_Lookups!$EA:$EF,2,FALSE()))))),"") | B85: =IFERROR(IF(A85="","",INDIRECT("_Lookups!"&ADDRESS(1+10,VLOOKUP($B$62,_Lookups!$EA:$EF,3,FALSE())))),"") | C85: =IFERROR(IF(A82="","",INDIRECT("_Lookups!"&ADDRESS(1+10,VLOOKUP($B$62,_Lookups!$EA:$EF,4,FALSE())))),"") | D85: =IFERROR(IF(A82="","",INDIRECT("_Lookups!"&ADDRESS(1+10,VLOOKUP($B$62,_Lookups!$EA:$EF,5,FALSE())))),"") | E85: =IFERROR(IF(A82="","",INDIRECT("_Lookups!"&ADDRESS(1+10,VLOOKUP($B$62,_Lookups!$EA:$EF,6,FALSE())))),"") | F85: =IFERROR(IF(OR(A85="",$B$63=""),"",IF(LEFT(B85,3)="Day",$B$63+VALUE(MID(B85,5,2)),$B$63)),"")
A86: =IFERROR(IF(VLOOKUP($B$62,_Lookups!$EA:$EF,2,FALSE())="","",IF(OR(INDIRECT("_Lookups!"&ADDRESS(1+11,VLOOKUP($B$62,_Lookups!$EA:$EF,2,FALSE())))="",INDIRECT("_Lookups!"&ADDRESS(1+11,VLOOKUP($B$62,_Lookups!$EA:$EF,2,FALSE())))=0),"",INDIRECT("_Lookups!"&ADDRESS(1+11,VLOOKUP($B$62,_Lookups!$EA:$EF,2,FALSE()))))),"") | B86: =IFERROR(IF(A86="","",INDIRECT("_Lookups!"&ADDRESS(1+11,VLOOKUP($B$62,_Lookups!$EA:$EF,3,FALSE())))),"") | C86: =IFERROR(IF(A83="","",INDIRECT("_Lookups!"&ADDRESS(1+11,VLOOKUP($B$62,_Lookups!$EA:$EF,4,FALSE())))),"") | D86: =IFERROR(IF(A83="","",INDIRECT("_Lookups!"&ADDRESS(1+11,VLOOKUP($B$62,_Lookups!$EA:$EF,5,FALSE())))),"") | E86: =IFERROR(IF(A83="","",INDIRECT("_Lookups!"&ADDRESS(1+11,VLOOKUP($B$62,_Lookups!$EA:$EF,6,FALSE())))),"") | F86: =IFERROR(IF(OR(A86="",$B$63=""),"",IF(LEFT(B86,3)="Day",$B$63+VALUE(MID(B86,5,2)),$B$63)),"")
A87: =IFERROR(IF(VLOOKUP($B$62,_Lookups!$EA:$EF,2,FALSE())="","",IF(OR(INDIRECT("_Lookups!"&ADDRESS(1+12,VLOOKUP($B$62,_Lookups!$EA:$EF,2,FALSE())))="",INDIRECT("_Lookups!"&ADDRESS(1+12,VLOOKUP($B$62,_Lookups!$EA:$EF,2,FALSE())))=0),"",INDIRECT("_Lookups!"&ADDRESS(1+12,VLOOKUP($B$62,_Lookups!$EA:$EF,2,FALSE()))))),"") | B87: =IFERROR(IF(A87="","",INDIRECT("_Lookups!"&ADDRESS(1+12,VLOOKUP($B$62,_Lookups!$EA:$EF,3,FALSE())))),"") | C87: =IFERROR(IF(A84="","",INDIRECT("_Lookups!"&ADDRESS(1+12,VLOOKUP($B$62,_Lookups!$EA:$EF,4,FALSE())))),"") | D87: =IFERROR(IF(A84="","",INDIRECT("_Lookups!"&ADDRESS(1+12,VLOOKUP($B$62,_Lookups!$EA:$EF,5,FALSE())))),"") | E87: =IFERROR(IF(A84="","",INDIRECT("_Lookups!"&ADDRESS(1+12,VLOOKUP($B$62,_Lookups!$EA:$EF,6,FALSE())))),"") | F87: =IFERROR(IF(OR(A87="",$B$63=""),"",IF(LEFT(B87,3)="Day",$B$63+VALUE(MID(B87,5,2)),$B$63)),"")
A88: =IFERROR(IF(VLOOKUP($B$62,_Lookups!$EA:$EF,2,FALSE())="","",IF(OR(INDIRECT("_Lookups!"&ADDRESS(1+13,VLOOKUP($B$62,_Lookups!$EA:$EF,2,FALSE())))="",INDIRECT("_Lookups!"&ADDRESS(1+13,VLOOKUP($B$62,_Lookups!$EA:$EF,2,FALSE())))=0),"",INDIRECT("_Lookups!"&ADDRESS(1+13,VLOOKUP($B$62,_Lookups!$EA:$EF,2,FALSE()))))),"") | B88: =IFERROR(IF(A88="","",INDIRECT("_Lookups!"&ADDRESS(1+13,VLOOKUP($B$62,_Lookups!$EA:$EF,3,FALSE())))),"") | C88: =IFERROR(IF(A85="","",INDIRECT("_Lookups!"&ADDRESS(1+13,VLOOKUP($B$62,_Lookups!$EA:$EF,4,FALSE())))),"") | D88: =IFERROR(IF(A85="","",INDIRECT("_Lookups!"&ADDRESS(1+13,VLOOKUP($B$62,_Lookups!$EA:$EF,5,FALSE())))),"") | E88: =IFERROR(IF(A85="","",INDIRECT("_Lookups!"&ADDRESS(1+13,VLOOKUP($B$62,_Lookups!$EA:$EF,6,FALSE())))),"") | F88: =IFERROR(IF(OR(A88="",$B$63=""),"",IF(LEFT(B88,3)="Day",$B$63+VALUE(MID(B88,5,2)),$B$63)),"")
A90: EQUIPMENT LIST
A91: Category | B91: Item | C91: Japanese | D91: Qty | E91: Size/Capacity | F91: Notes | G91: Have?
A92: RICE PREP | B92: Washing bags | C92: Kome-bukuro | D92: =IFERROR(IF(Recipe!B4="","",CEILING(MAX(_Allocations!B12:B14)/5,1)),"") -> 10 | E92: 5 kg each | F92: 22" square draw-string | G92: ☐
B93: Soaking vessel | C93: Shinseki-oke | D93: 1 | E93: =IFERROR(IF(Recipe!B4="","",CEILING(Recipe!B4*1.5,5)&" L"),"") -> 150 L | F93: Water = 1.5× rice weight | G93: ☐
B94: Draining baskets | C94: Zaru | D94: =IFERROR(IF(_Allocations!B14="","",CEILING(MAX(_Allocations!B12:B14)/3,1)),"") -> 16 | E94: 3-5 kg each | F94: For largest stage | G94: ☐
A95: STEAMING | B95: Koshiki/steamer | C95: 甑 | D95: 1 | E95: =IFERROR(IF(Recipe!B4="","",CEILING(MAX(_Allocations!B12:B14,Plan!B10)*1.3,5)&" kg"),"") -> 60 kg | F95: Capacity for largest batch | G95: ☐
B96: Steamer cloths | C96: Mushi-nuno | D96: =IFERROR(IF(Recipe!B4="","",CEILING(MAX(_Allocations!B12:B14)*1.3/5,1)+1),"") -> 13 | E96: 28"×40" | F96: One per 5kg + spare | G96: ☐
B97: Cooling surface | C97: Hōrei-dai | D97: 1 | E97: =IFERROR(IF(Recipe!B4="","",ROUND(MAX(_Allocations!B12:B14)*1.3/20,1)&" sq m"),"") -> 3 sq m | F97: Metal or cloth spread | G97: ☐
A98: KOJI | B98: Koji trays (futa) | C98: Koji-buta 蓋 | D98: =IFERROR(IF(Plan!B10="","",IF(Plan!B39="Futa-koji (trays)",CEILING(Plan!B10*1.3/1.5,1),"-")),"-") | E98: 1.5 kg each | F98: Traditional method | G98: ☐
B99: Koji tubs (Ueda) | C99: Tarai 盥 | D99: =IFERROR(IF(Plan!B10="","",IF(Plan!B39="Ueda (tubs)",CEILING(Plan!B10*1.3/15,1),"-")),"-") | E99: 15 kg each | F99: Modern method | G99: ☐
B100: Koji boxes | C100: Hako 箱 | D100: =IFERROR(IF(Plan!B10="","",IF(Plan!B39="Hako-koji (boxes)",CEILING(Plan!B10*1.3/10,1),"-")),"-") | E100: 10 kg each | F100: Box method | G100: ☐
B101: Wrapping cloths | C101: Tsutsumi-nuno | D101: =IFERROR(IF(Plan!B10="","",CEILING(Plan!B10*1.3/5,1)),"-") | E101: Cotton | F101: For bundling | G101: ☐
B102: Incubator/muro | C102: Koji-muro 室 | D102: 1 | E102: 28-42°C | F102: Temp/humidity controlled | G102: ☐
A103: MOTO | B103: Moto vessel | C103: Shubo-oke | D103: 1 | E103: =IFERROR(IF(_Allocations!B11="","",CEILING((_Allocations!B11*1.3+_Allocations!D11)*1.5,5)&" L"),"") -> 25 L | F103: Volume × 1.5 headspace | G103: ☐
B104: Hangiri tubs (kimoto) | C104: 半切 | D104: =IFERROR(IF(Plan!B36="Select","",IF(OR(Plan!B36="Kimoto",Plan!B36="Yamahai"),8,"-")),"") -> - | E104: 5-10 L each | F104: For temoto division | G104: ☐
B105: Kai paddle (kimoto) | C105: 櫂 | D105: =IFERROR(IF(Plan!B36="Select","",IF(OR(Plan!B36="Kimoto",Plan!B36="Yamahai"),1,"-")),"") -> - | E105: 1-2 m long | F105: For yamaoroshi | G105: ☐
B106: Daki-daru warmers | C106: 抱樽 | D106: =IFERROR(IF(Plan!B36="Select","",IF(OR(Plan!B36="Kimoto",Plan!B36="Yamahai"),4,"-")),"") -> - | E106: Hot water jugs | F106: For warming moto | G106: ☐
A107: MOROMI | B107: Primary fermenter | C107: Moromi-oke | D107: 1 | E107: =IFERROR(IF(_Allocations!B6="","",CEILING(_Allocations!B6*2,10)&" L"),"") -> 540 L | F107: 2× volume for foam | G107: ☐
B108: Kai/paddle | C108: 櫂 | D108: 1 | E108: Long | F108: For twice-daily stirring | G108: ☐
B109: Airlock/cover | D109: 1 | E109: Loose-fit | F109: Allows CO2 escape | G109: ☐
A110: PRESSING | B110: Press bags | C110: Sakabukuro 酒袋 | D110: =IFERROR(IF(_Allocations!B6="","",CEILING(_Allocations!B6/6,1)),"-") -> 45 | E110: 6 L each | F110: Cotton/nylon mesh | G110: ☐
...

Sheet Quick Calc
A1: QUICK CALCULATORS
A3: RICE WEIGHT CONVERSIONS | D3: DILUTION CALCULATOR
A4: Steamed rice (kg) | D4: Current ABV (%)
A5: → Dry rice was (kg) | B5: =IFERROR(IF(B4="","",ROUND(B4/1.4,3)),"") | C5: ÷ 1.40 | D5: Current volume (L)
A6: Soaked rice (kg) | D6: Target ABV (%)
A7: → Dry rice was (kg) | B7: =IFERROR(IF(B6="","",ROUND(B6/1.3,3)),"") | C7: ÷ 1.30 | D7: → Final volume (L) | E7: =IFERROR(IF(OR(E4="",E5="",E6=""),"",ROUND(E4*E5/E6,2)),"") | F7: ABV₁ × V₁ / ABV₂
A8: Dry rice (kg) | D8: → Water to add (L) | E8: =IFERROR(IF(OR(E7="",E5=""),"",ROUND(E7-E5,2)),"") | F8: Final - Current
A9: After soak (kg)
A10: → Absorption % | B10: =IFERROR(IF(OR(B8="",B9=""),"",ROUND((B9-B8)/B8*100,1)),"") | C10: (after-before)/before × 100 | D10: SMV (NIHONSHUDO)
D11: Specific gravity
A12: UEDA METHOD DRY-DOWN | D12: → SMV (日本酒度) | E12: =IFERROR(IF(E11="","",ROUND((1/E11-1)*1443,0)),"") | F12: (1/SG - 1) × 1443
A13: Steamed rice (kg)
A14: → Target hiki-komi (kg) | B14: =IFERROR(IF(B13="","",ROUND(B13*0.85,3)),"") | C14: × 0.85 | D14: TEMPERATURE
A15: → Water to remove (kg) | B15: =IFERROR(IF(B13="","",ROUND(B13*0.15,3)),"") | C15: × 0.15 | D15: Celsius (°C)
A16: Drying temp (°C) | B16: 40 | C16: rec: 38-42 | D16: → Fahrenheit (°F) | E16: =IFERROR(IF(E15="","",ROUND(E15*9/5+32,1)),"") | F16: °C × 9/5 + 32
A17: Humidity (% RH) | B17: 45 | C17: rec: <50%
A18: → Est. dry time (min) | B18: =IFERROR(IF(OR(B13="",B16="",B17=""),"",IF(B17>=60,"Too humid",IF(B16<35,"Too cold",ROUND(150/(2.7*(1+0.05*(B16-40))*((65-B17)/25)),0)))),"") | C18: ≈55 min at 40°C/40%RH
A19: KOJI TRAY COUNT | D19: Fahrenheit (°F)
A20: Pre-inoc weight (kg) | D20: → Celsius (°C)
A21: Tray capacity (kg) | B21: 1.5
A22: → Trays needed | B22: =IFERROR(IF(OR(B20="",B21=""),"",CEILING(B20/B21,1)),"") | C22: CEILING(weight/capacity) | D22: YIELD ESTIMATE
D23: Total dry rice (kg)
D24: Target ABV (%) | E24: 15
D25: → Genshu yield (L) | E25: =IFERROR(IF(OR(E21="",E22=""),"",ROUND(E21*1.3*0.63*(18/E22),1)),"") | F25: rice × 1.3 × 0.63 × (18/ABV)
A29: LACTIC ACID (SOKUJO) | D29: MOROMI PROGRESS
A30: Moto water (L) | D30: Current Baumé (°Bé)
A31: Acid concentration (%) | B31: 88 | D31: Starting Baumé (°Bé) | E31: 14
A32: → mL to add | B32: =IFERROR(IF(OR(B30="",B31=""),"",ROUND((B30*0.4)/(B31/100),2)),"") | C32: 0.4% of water ÷ concentration | D32: → % Complete | E32: =IFERROR(IF(OR(E28="",E29=""),"",ROUND((E29-E28)/E29*100,0)&"%"),"") | F32: (start - current) / start × 100
A34: BAUMÉ ↔ SG | D34: Days since Soe
A35: Baumé (°Bé) | D35: → Est. ABV (%)
A36: → Specific Gravity | B36: =IFERROR(IF(B35="","",ROUND(145/(145-B35),4)),"") | C36: 145 / (145 - Bé)
A37: Specific Gravity | D37: RICE PROTEIN ESTIMATE
A38: → Baumé (°Bé) | B38: =IFERROR(IF(B37="","",ROUND(145-(145/B37),1)),"") | C38: 145 - (145 / SG) | D38: Polish ratio (%)
D39: Original protein (%) | E39: 6.5
D40: → Est. remaining protein (%)
A42: BRIX CONVERSIONS | D42: WATER RATIO
A43: Brix (°Bx) | D43: Total dry rice (kg)
A44: → Baumé (°Bé) | B44: =IFERROR(IF(B43="","",ROUND(B43/1.8,1)),"") | C44: Brix / 1.8 | D44: Water ratio | E44: 1.3
A45: → Specific Gravity | D45: → Total water (L)
A47: KOJI SPORE DOSING (種付け) | D47: PRESSING YIELD
A48: Koji style | B48: Sou-haze (Standard) | C48: select type | D48: Moromi volume (L)
A49: Steamed rice (kg) | D49: Press efficiency (%) | E49: 65
A50: -> Base rate (g/kg) | B50: =IFERROR(IF(B48="Tsuki-haze (Ginjo)",0.08,IF(B48="Sou-haze (Standard)",0.15,IF(B48="High-enzyme (Moto)",0.25,""))),"") -> 0.15 | C50: from style | D50: → Sake yield (L)
A51: Spore age (months) | B51: 0 | C51: 0=fresh
A52: -> Adjusted rate (g/kg) | B52: =IFERROR(IF(OR(B50="",B51=""),"",ROUND(B50*(1+IF(B51<3,0,IF(B51<6,0.25,IF(B51<12,0.5,1)))),3)),"") -> 0.15 | C52: age-adjusted
A53: -> Tane-koji needed (g) | B53: =IFERROR(IF(OR(B49="",B52=""),"",ROUND(B49*B52,2)),"") | C53: rice x rate
A54: Carrier ratio | B54: 5 | C54: :1 (carrier:spores)
A55: -> Carrier amount (g) | B55: =IFERROR(IF(OR(B53="",B54=""),"",ROUND(B53*B54,1)),"") | C55: spores x ratio
A56: -> Total mixture (g) | B56: =IFERROR(IF(OR(B53="",B55=""),"",ROUND(B53+B55,1)),"") | C56: spores + carrier
A57: Sprinkling passes | B57: 2
A58: -> Per pass (g) | B58: =IFERROR(IF(OR(B56="",B57=""),"",IF(B57=2,ROUND(B56*0.6,1)&" / "&ROUND(B56*0.4,1),ROUND(B56/B57,1))),"") | C58: 60/40 split if 2 passes
A59: Inoc. temp: | B59: 32-35C | C59: critical for germination
A62: BOTTLE COUNT | D62: ABV ↔ ABW
A63: Total volume (L) | D63: ABV (%)
A64: Bottle size (mL) | B64: 720 | D64: → ABW (%) | E64: =IFERROR(IF(E51="","",ROUND(E51*0.79,1)),"") | F64: ABV × 0.79
A65: → Bottles | B65: =IFERROR(IF(OR(B51="",B52=""),"",FLOOR(B51*1000/B52,1)),"") -> 0 | C65: FLOOR(L×1000/mL) | D65: ABW (%)
D66: → ABV (%)
A68: SAKE KASU (LEES) | D68: PASTEURIZATION HOLD
A69: Total dry rice (kg) | D69: Target temp (°C) | E69: 65
A70: → Est. kasu (kg) | D70: → Hold time (min)
A72: ACIDITY BOOST | D72: YEAST STARTER
A73: Sake volume (L) | D73: Total moromi volume (L)
A74: Current TA (mL) | D74: Pitch rate (%) | E74: 7
A75: Target TA (mL) | D75: → Moto volume (L)
A76: → 88% lactic acid (mL)
D77: KOJI RATIO CHECK
A78: RICE WASH WATER | D78: Total rice (kg)
A79: Dry rice (kg) | D79: Koji rice (kg)
A80: → Wash water (L) | B80: =IFERROR(IF(B67="","",ROUND(B67*3,0)),"") | C80: rice × 3 | D80: → Koji ratio (%) | E80: =IFERROR(IF(OR(E66="",E67=""),"",ROUND(E67/E66*100,0)&"%"),"") | F80: koji/total × 100
A81: → Soak water (L) | B81: =IFERROR(IF(B67="","",ROUND(B67*1.5,1)),"") | C81: rice × 1.5
A85: MASH TEMPERATURE
A86: Steamed rice (kg) | C86: input weight
A87: Rice temp (°C) | C87: measured
A88: Water/mash (kg or L) | C88: 1 kg ≈ 1 L
A89: Water temp (°C) | C89: measured
A90: → Final mash temp (°C) | B90: =IFERROR(IF(OR(B86="",B87="",B88="",B89=""),"",ROUND((B86*2.7*B87+B88*4.186*B89)/(B86*2.7+B88*4.186),1)),"") | C90: heat balance
A92: 3-COMPONENT (Rice + Koji + Water)
A93: Steamed rice (kg) | C93: kakemai
A94: Rice temp (°C)
A95: Koji (kg) | C95: kojimai
A96: Koji temp (°C) | C96: typically 30-35°C
A97: Water (L)
A98: Water temp (°C)
A99: → Final mash temp (°C) | B99: =IFERROR(IF(OR(B93="",B94="",B95="",B96="",B97="",B98=""),"",ROUND((B93*2.7*B94+B95*1.8*B96+B97*4.186*B98)/(B93*2.7+B95*1.8+B97*4.186),1)),"") | C99: Cp: rice=2.7, koji=1.8
A101: TOJI 3.5× METHOD
A102: Target mash temp (°C) | C102: desired final
A103: Mizu-koji temp (°C) | C103: water+koji temp
A104: → Required rice temp (°C) | B104: =IFERROR(IF(OR(B102="",B103=""),"",ROUND((B102-B103)*3.5+B103,1)),"") | C104: (Target-Mizu)×3.5+Mizu
A107: YODAN CALCULATOR (四段)
A109: TRADITIONAL METHOD (Toji Style)
A110: Ratio-based: 7-15% of total rice. Nada-Ken Society standard.
A111: nada-ken.com/main/en/index_y/214.html
A113: Total rice in batch (kg)
A114: Yodan % of total | B114: 10 | D114: 7% subtle
A115: Rice type | B115: Mochi | D115: 10% moderate
D116: 15% ama-kuchi
A117: → Yodan rice (kg) | B117: =IFERROR(IF(OR(B113="",B114=""),"",ROUND(B113*B114/100,3)),"")
A118: Koji ratio | B118: 1
A119: Water ratio | B119: 1.5
A120: → Koji needed (kg) | B120: =IFERROR(IF(OR(B117="",B118=""),"",ROUND(B117*B118,2)),"")
...

Sheet Koji Ferments
A1: Koji Ferments Calculator
A3: SHIO KOJI (塩麹) — Salt Koji
A5: Versatile seasoning paste. Koji enzymes tenderize protein and develop umami. Use as marinade, seasoning, or salt replacement.
A7: INPUTS
A8: Target shio koji (kg)
A9: Salt ratio (%) | B9: 13
A11: CALCULATED
A12: Rice koji (kg) | B12: =IFERROR(B8*0.67,"") -> 0
A13: Salt (g) | B13: =IFERROR(B8*B9*10,"") -> 0
A14: Water (mL) | B14: =IFERROR(B8*200,"") -> 0
A16: PROCESS
A17: Mix method | B17: Combine all, massage daily
A18: Fermentation | B18: 7-14 days at 20-25°C
A19: Storage | B19: Refrigerate, use within 6 months
A22: AMAZAKE (甘酒) — Sweet Rice Drink
A24: Traditional sweet drink made by koji saccharification of rice. No alcohol (unless fermented further). High in glucose, B vitamins, and koji enzymes.
A26: INPUTS
A27: Target amazake (L)
A29: CALCULATED
A30: Rice, dry (kg) | B30: =IFERROR(B27*0.25,"") -> 0
A31: Rice koji (kg) | B31: =IFERROR(B27*0.25,"") -> 0
A32: Water (L) | B32: =IFERROR(B27*0.6,"") -> 0
A34: PROCESS
A35: Cook rice | B35: Soft, slightly wet
A36: Cool to | B36: 60°C
A37: Mix koji | B37: Combine, hold 55-60°C
A38: Saccharification | B38: 8-12 hours at 55-60°C
A39: Storage | B39: Refrigerate 1 week, freeze longer
A42: MISO (味噌) — Fermented Soybean Paste
A44: Protein-rich paste fermented 3 months to 3+ years. Koji enzymes break down soy protein into amino acids (umami). Ratio of koji to soy determines sweetness vs. depth.
A46: INPUTS
A47: Target miso (kg)
A48: Koji ratio | B48: 1
A49: Salt (%) | B49: 12
A51: CALCULATED
A52: Soybeans, dry (kg) | B52: =IFERROR(B47/(1+B48+B49/100+0.5),"") -> 0
A53: Rice koji (kg) | B53: =IFERROR(B52*B48,"") -> 0
A54: Salt (kg) | B54: =IFERROR(B47*B49/100,"") -> 0
A55: Soy cooking liquid (mL) | B55: =IFERROR(B52*200,"") -> 0
A57: MISO STYLES
A58: Shiro (white) | B58: Koji ratio 1.5-2.0, 6-8% salt, 1-3 months
A59: Shinshu (yellow) | B59: Koji ratio 1.0, 12% salt, 6-12 months
A60: Aka (red) | B60: Koji ratio 0.8-1.0, 13% salt, 1-3 years
A61: Hatcho | B61: Soy koji only, 10-12% salt, 2-3 years
A62: Mugi (barley) | B62: Barley koji, ratio 1.0, 10-12%, 1-2 years
A64: PROCESS
A65: Soak soybeans | B65: 12-24 hours
A66: Cook soybeans | B66: Pressure 45 min or boil 3-4 hr
A67: Mash soybeans | B67: Coarse or smooth
A68: Mix salt + koji | B68: Combine thoroughly
A69: Combine | B69: Cool soy to <40°C, mix all
A70: Pack vessel | B70: Press firmly, no air pockets
A71: Weight + seal | B71: 20-30% weight on top
A72: Ferment | B72: Cool dark place, 6 mo - 3 yr
A75: MIRIN (味醂) — Sweet Rice Wine
A77: Sweet cooking wine (~14% ABV, 40-50% sugar). Glutinous rice saccharified by koji, alcohol from shochu prevents yeast fermentation. Essential for teriyaki, nimono.
A79: INPUTS
A80: Target mirin (L)
A81: Shochu ABV (%) | B81: 35
A83: CALCULATED
A84: Glutinous rice, dry (kg) | B84: =IFERROR(B80/1.5*0.42,"") -> 0
A85: Rice koji (kg) | B85: =IFERROR(B80/1.5*0.16,"") -> 0
A86: Shochu (L) | B86: =IFERROR(B80*14/B81*1.1,"") -> 0
A87: Steamed rice (kg) | B87: =IFERROR(B80/1.5*0.42*1.4,"") -> 0
A89: PROCESS
A90: Steam rice | B90: Until translucent, firm not sticky
A91: Combine all | B91: Cool rice + koji + shochu
A92: Saccharification | B92: 40-60 days at 20-30°C
A93: Press | B93: Strain through cloth
A94: Age (optional) | B94: 3-12 months
A97: AKAZU (赤酢) — Red Vinegar from Sake Lees
A99: Deep red vinegar from aged sake kasu. Defines traditional Edomae sushi. Kasu aged 3-8+ years until red-brown, then fermented with acetic acid bacteria.
A101: INPUTS
A102: Target akazu (L)
A103: Kasu age (years) | B103: 3
A104: Target acidity (%) | B104: 4.5
A106: CALCULATED
A107: Aged sake kasu (kg) | B107: =IFERROR(B102*1.8,"") -> 0
A108: Water (L) | B108: =IFERROR(B102*2,"") -> 0
A109: Seed vinegar (L) | B109: =IFERROR(B102*0.2,"") -> 0
A111: PROCESS
A112: Extract kasu | B112: Soak 3-7 days, strain
A113: Dilute extract | B113: To 5-7% alcohol
A114: Inoculate | B114: Add seed vinegar
A115: Ferment | B115: 1-3 months at 25-30°C
A116: Age (optional) | B116: 3-12 months
A119: DOBUROKU (濁酒) — Unfiltered Sake
A121: Traditional farmhouse sake, unfiltered. Contains rice solids, active enzymes, and live yeast. Simpler than polished sake—uses table rice, less precise ratios.
A123: INPUTS
A124: Target doburoku (L)
A126: CALCULATED
A127: Rice, dry (kg) | B127: =IFERROR(B124*0.3,"") -> 0
A128: Rice koji (kg) | B128: =IFERROR(B124*0.1,"") -> 0
A129: Water (L) | B129: =IFERROR(B124*0.8,"") -> 0
A130: Yeast | B130: 1-2 g dry or Kyokai #7-9
A132: PROCESS
A133: Steam rice | B133: Firm, separate grains
A134: Combine | B134: Rice + koji + water + yeast
A135: Ferment | B135: 10-14 days at 15-20°C
A136: Serve | B136: Unfiltered, with solids
...

Sheet Soak Calc
A1: Soak Time Calculator
A3: SOAK PARAMETERS
A4: Wash water temp | B4: 10 | C4: °C | D4: Cold water slows absorption during wash
A5: Wash time | B5: 3 | C5: min | D5: Gentle motion only to prevent cracking
A6: Soak water temp | B6: 10 | C6: °C | D6: Match wash temp; colder = more control
A7: Actual soak time | C7: min | D7: Record actual - compare to recommended below
A8: Rice storage temp | B8: 15 | C8: °C | D8: Match both wash & soak temps to this
A9: Cracking risk | B9: =IFERROR(IF(OR(B4="",B6="",B8=""),"",MAX(ABS(B4-B8),ABS(B6-B8))),"") -> 5 | C9: °C max | D9: =IFERROR(IF(B9="","",IF(B9>10,"⚠ HIGH - grains will crack!",IF(B9>5,"Caution - handle gently","OK - safe"))),"") -> OK - safe
A10: Rice lot | B10: Lot A
A11: Polish ratio | B11: =IFERROR(IF(B10="Lot A",IF(Recipe!C11="","→ See Recipe",Recipe!C11),IF(B10="Lot B",IF(Recipe!C12="","→ See Recipe",Recipe!C12),IF(B10="Lot C",IF(Recipe!C13="","→ See Recipe",Recipe!C13),IF(B10="Lot D",IF(Recipe!C14="","→ See Recipe",Recipe!C14),"→ See Recipe")))),"→ See Recipe") -> → See Recipe | C11: %
A12: Variety | B12: =IFERROR(IF(B10="Lot A",IF(OR(Recipe!B11="",Recipe!B11="Select ▽"),"→ See Recipe",Recipe!B11),IF(B10="Lot B",IF(OR(Recipe!B12="",Recipe!B12="Select ▽"),"→ See Recipe",Recipe!B12),IF(B10="Lot C",IF(OR(Recipe!B13="",Recipe!B13="Select ▽"),"→ See Recipe",Recipe!B13),IF(B10="Lot D",IF(OR(Recipe!B14="",Recipe!B14="Select ▽"),"→ See Recipe",Recipe!B14),"→ See Recipe")))),"→ See Recipe") -> → See Recipe
A14: CALCULATED TARGETS
A15: Base soak time | B15: =IFERROR(IF(B11="","",IF(B11>=85,ROUND(90+(100-B11)*3,0),IF(B11>=70,ROUND(30+(85-B11)*2,0),IF(B11>=60,ROUND(10+(70-B11)*2,0),IF(B11>=50,ROUND(8+(60-B11)*0.4,0),IF(B11>=40,ROUND(4+(50-B11)*0.4,0),ROUND(1+(40-B11)*0.3,0))))))),"—") -> — | C15: min
A16: Temp adjustment | B16: =IFERROR(IF(OR(B6="",B11=""),"",ROUND((15-B6)*0.5,1)),"—") -> 2.5 | C16: min | D16: 15°C baseline; colder = longer
A17: Recommended soak | B17: =IFERROR(IF(B15="","",MAX(1,ROUND(B15+B16,0))),"—") -> — | C17: min | D17: =IFERROR(IF(OR(B7="",B17=""),"",IF(B7>B17*1.2,"⚠ Over-soaked!",IF(B7<B17*0.8,"⚠ Under-soaked","✓ Good"))),"")
A18: Target absorption | B18: =IFERROR(IF(B11="","",ROUND(34-(100-B11)*0.15,0)),"—") -> — | C18: % | D18: Weight gain from dry rice
A19: Karashi rest | B19: 60 | C19: min | D19: 45 min minimum; some brewers do 24 hrs
A20: Fat extraction | B20: =IFERROR(IF(B4="","",IF(B4<10,"Low",IF(B4<15,"Moderate","Good"))),"—") -> Moderate | D20: Warmer wash = more lipid removal
A21: FAT EXTRACTION GUIDE
A22: Water temp | B22: Time needed | C22: Fats extracted | D22: Polish guidance
A23: 5-8°C | B23: 10+ min | C23: Linoleic only (mp -5°C) | D23: ≤50% daiginjo - timing control critical
A24: 8-12°C | B24: 5-8 min | C24: Linoleic + partial oleic | D24: 50-60% ginjo - balance of control & extraction
A25: 12-15°C | B25: 3-5 min | C25: Linoleic + oleic (mp 13°C) | D25: 70% junmai - good fat removal
A26: 15-18°C | B26: 3-5 min | C26: Most unsaturated (75%) | D26: 80% standard - thorough extraction
A27: 18-25°C | B27: 2-3 min | C27: All except palmitic (mp 63°C) | D27: 90% table rice - fast extraction OK
A28: FAT TYPES IN NUKA:
A29: • Oleic (38-44%, mp 13°C) - suppresses ester formation if not removed
A30: • Linoleic (28-35%, mp -5°C) - always mobile in cold water, extracts easily
A31: REFERENCE TABLE
A32: Polish % | B32: Soak time | C32: Target % | D32: Grade | E32: Critical window
A33: 90 | B33: 60-120 | C33: 30-32 | D33: Futsu-shu | E33: Wide - forgiving
A34: 80 | B34: 40-60 | C34: 29-31 | D34: Junmai | E34: Moderate
A35: 70 | B35: 20-40 | C35: 28-30 | D35: Tokubetsu | E35: Moderate
A36: 60 | B36: 10-20 | C36: 26-28 | D36: Ginjo | E36: 1-3 min critical
A37: 50 | B37: 5-15 | C37: 24-26 | D37: Daiginjo | E37: Seconds matter
A38: 40 | B38: 3-8 | C38: 22-24 | D38: Competition | E38: Stopwatch + gentle handling
A39: 35 | B39: 1-5 | C39: 20-22 | D39: Ultra-polish | E39: Extreme precision + fragile!
A41: SOAK TEST LOG
A42: Sample | B42: Dry (g) | C42: Wet (g) | D42: Gain % | E42: Time (min) | F42: Status | G42: Notes
A43: 1 | D43: =IFERROR(IF(B43="","",ROUND((C43-B43)/B43*100,1)),"") | F43: =IFERROR(IF(D43="","",IF(ABS(D43-$B$18)<=2,"OK",IF(D43<$B$18,"Under","Over"))),"")
A44: 2 | D44: =IFERROR(IF(B44="","",ROUND((C44-B44)/B44*100,1)),"") | F44: =IFERROR(IF(D44="","",IF(ABS(D44-$B$18)<=2,"OK",IF(D44<$B$18,"Under","Over"))),"")
A45: 3 | D45: =IFERROR(IF(B45="","",ROUND((C45-B45)/B45*100,1)),"") | F45: =IFERROR(IF(D45="","",IF(ABS(D45-$B$18)<=2,"OK",IF(D45<$B$18,"Under","Over"))),"")
A46: 4 | D46: =IFERROR(IF(B46="","",ROUND((C46-B46)/B46*100,1)),"") | F46: =IFERROR(IF(D46="","",IF(ABS(D46-$B$18)<=2,"OK",IF(D46<$B$18,"Under","Over"))),"")
A47: 5 | D47: =IFERROR(IF(B47="","",ROUND((C47-B47)/B47*100,1)),"") | F47: =IFERROR(IF(D47="","",IF(ABS(D47-$B$18)<=2,"OK",IF(D47<$B$18,"Under","Over"))),"")
A48: 6 | D48: =IFERROR(IF(B48="","",ROUND((C48-B48)/B48*100,1)),"") | F48: =IFERROR(IF(D48="","",IF(ABS(D48-$B$18)<=2,"OK",IF(D48<$B$18,"Under","Over"))),"")
A49: 7 | D49: =IFERROR(IF(B49="","",ROUND((C49-B49)/B49*100,1)),"") | F49: =IFERROR(IF(D49="","",IF(ABS(D49-$B$18)<=2,"OK",IF(D49<$B$18,"Under","Over"))),"")
A50: 8 | D50: =IFERROR(IF(B50="","",ROUND((C50-B50)/B50*100,1)),"") | F50: =IFERROR(IF(D50="","",IF(ABS(D50-$B$18)<=2,"OK",IF(D50<$B$18,"Under","Over"))),"")
A53: TOJI NOTES
A54: • Gentei kyusui: For ≤60% polish, soak in 10kg batches with stopwatch
A55: • Visual test: Place grains on dark plate, watch for opacity change
A56: • Cold water (8-12°C) provides wider timing window for high polish
A57: • Over-soaked rice = sticky, poor koji penetration
A58: • Under-soaked rice = hard center, incomplete steaming
A59: • Karashi rest allows water to diffuse from surface to center
A60: • CRACKING RISK: Keep water temp within 5°C of rice storage temp. Highly polished rice is fragile!

Sheet Yeast Calc
A1: Yeast Calculator
A3: INPUTS | B3: Value | C3: Units | D3: Notes
A4: Target volume for pitching (L) | B4: =IF(Recipe!B56="",0,Recipe!B56) -> 10.0485 | C4: L | D4: Default: theoretical moromi volume from Recipe; override if needed.
A5: Pitch rate | B5: =_Constants!B10 -> 10 | C5: M cells/mL | D5: Million cells per mL; typical range 5–15.
A6: Dry yeast cells per g | B6: =_Constants!B11 -> 10000000000 | C6: cells/g | D6: Check spec sheet for your yeast.
A7: Liquid yeast cells per mL | B7: =_Constants!B12 -> 100000000 | C7: cells/mL | D7: Assumed for liquid culture or pouch.
A8: Liquid yeast pouch volume | B8: =_Constants!B13 -> 100 | C8: mL | D8: Volume of one pouch or pack.
A10: CALCULATED OUTPUTS
A11: Total cells needed | B11: =IF(B4="","",B4*1000*B5*1000000) -> 100485000000 | C11: cells | D11: Volume (L) × 1000 mL/L × pitch rate (M/mL) × 1E6.
A12: Dry yeast needed | B12: =IF(B6>0,IF(B11="","",B11/B6),"") -> 10.0485 | C12: g | D12: Total cells ÷ cells per gram.
A13: Liquid yeast volume | B13: =IF(B7>0,IF(B11="","",B11/B7),"") -> 1004.85 | C13: mL | D13: Total cells ÷ cells per mL.
A14: Liquid yeast pouches | B14: =IF(AND(B8>0,B13<>""),B13/B8,"") -> 10.0485 | C14: pouches | D14: Liquid volume ÷ pouch volume; round as needed.
A16: NITROGEN ADJUSTMENT
A17: Vigor factor | B17: =IF(_Allocations!B38="",1,_Allocations!B38) -> 1
A18: Adjusted pitch rate | B18: =IF(B5="","",ROUND(B5/B17,1)) -> 10
A19: Adjusted cells needed | B19: =IF(B4="","",B4*1000*B18*1000000) -> 100485000000
A20: Adjusted dry yeast (g) | B20: =IF(B6>0,IF(B19="","",B19/B6),"") -> 10.0485
A21: Adjustment reason | B21: =IF(B17="","",IF(B17>1.1,"↓ Reduce pitch - nitrogen-rich environment",IF(B17<0.9,"↑ Increase pitch - low nitrogen environment","Standard pitch OK"))) -> Standard pitch OK
A23: NITROGEN GUIDANCE
A24: Rice seimaibuai | B24: =IF(_Inputs!B24="","(Set in Recipe)",_Inputs!B24&"%") -> 0%
A25: Amino tendency | B25: =_Allocations!B35
A26: Expected fermentation | B26: =_Allocations!B39
A28: Note: Low-polish sake (90%+) paradoxically produces
A29: LOWER amino acidity because yeast uptake is 1.5x higher.
A30: Peak amino release occurs around 70-75% seimaibuai.

Sheet Pasteurization Calc
A1: Pasteurization Calculator | F1: v539
A3: INPUTS
A4: Goal | B4: Select
A5: Package | B5: Select
A6: Method | B6: Select
A7: ABV (%)
A8: Pasteurization strategy | B8: Select
A9: Cooling | B9: Select
A10: Storage intent | B10: Select
A11: Storage temp | B11: Select
A12: Total bottles
A13: Bottles per batch
A14: Starting temp (C) | B14: 20
A16: YOUR PROCESS
A17: 1. Heat to | B17: =IFERROR(IF(B4="Select","Select goal above",IF(ISNUMBER(SEARCH("Yeast only",B4)),"60°C core temp",IF(ISNUMBER(SEARCH("Standard",B4)),"65°C core temp",IF(ISNUMBER(SEARCH("Full",B4)),"65°C core temp (do 2x)","65°C core temp")))),"") -> Select goal above
A18: 2. Hold | B18: =IFERROR(IF(B4="Select","Select goal above","30 seconds minimum"),"") -> Select goal above
A19: 3. Cool | B19: =IFERROR(IF(B9="Select","Select cooling above",IF(ISNUMBER(SEARCH("Ice",B9)),"Ice bath until <30°C",IF(ISNUMBER(SEARCH("Cold water",B9)),"Cold water until <30°C",IF(ISNUMBER(SEARCH("Air",B9)),"Air cool (SLOW - adds PU)","Plate HX inline")))),"") -> Select cooling above
A20: 4. Batches needed | B20: =IFERROR(IF(OR(B12="",B13=""),"Enter quantities above",CEILING(B12/B13,1)),"") -> Enter quantities above
A21: 5. Time per batch | B21: =IFERROR(IF(B5="Select","Select package above",IF(ISNUMBER(SEARCH("1.8",B5)),"~70 min",IF(ISNUMBER(SEARCH("720",B5)),"~45 min",IF(ISNUMBER(SEARCH("750",B5)),"~45 min","~40 min")))&" per cycle"),"") -> Select package above
A22: 6. Total time | B22: =IFERROR(IF(OR(B12="",B13="",B5="Select"),"Complete inputs above",TEXT(INT(CEILING(B12/B13,1)*IF(ISNUMBER(SEARCH("1.8",B5)),70,IF(ISNUMBER(SEARCH("720",B5)),45,IF(ISNUMBER(SEARCH("750",B5)),45,40)))/60),"0")&"h "&TEXT(MOD(CEILING(B12/B13,1)*IF(ISNUMBER(SEARCH("1.8",B5)),70,IF(ISNUMBER(SEARCH("720",B5)),45,IF(ISNUMBER(SEARCH("750",B5)),45,40))),60),"0")&"m"&IF(ISNUMBER(SEARCH("Full",B4))," (×2 for 2x hi-ire)","")),"") -> Complete inputs above
A24: STORAGE GUIDANCE
A25: 7. Store at | B25: =IFERROR(IF(OR(B8="Select",B10="Select"),"Complete inputs above",IF(ISNUMBER(SEARCH("Unpasteurized",B8)),"5°C refrigerated REQUIRED",IF(AND(ISNUMBER(SEARCH("Twice",B8)),B7>=15,OR(ISNUMBER(SEARCH("Age",B10)),ISNUMBER(SEARCH("Long",B10)))),IF(B11="Select","Ambient or warm OK for aging",B11),IF(AND(ISNUMBER(SEARCH("Twice",B8)),B7>=15),"Cool or ambient OK",IF(B7>=15,"Cool (10-15°C) recommended","Refrigerated (5°C) recommended"))))),"") -> Complete inputs above
A26: 8. Duration | B26: =IFERROR(IF(OR(B8="Select",B10="Select"),"Complete inputs above",IF(ISNUMBER(SEARCH("Unpasteurized",B8)),"Weeks only - ship fast!",IF(ISNUMBER(SEARCH("Long",B10)),IF(AND(ISNUMBER(SEARCH("Twice",B8)),B7>=17),"Years OK (even warm)","Years OK (keep cool)"),IF(ISNUMBER(SEARCH("Age",B10)),IF(ISNUMBER(SEARCH("Twice",B8)),"1-3 years OK","6-12 months max"),IF(ISNUMBER(SEARCH("6+",B10)),"6-12 months OK",IF(ISNUMBER(SEARCH("1-3",B10)),"3 months OK","Ship when ready")))))),"") -> Complete inputs above
A27: 9. Stability | B27: =IFERROR(IF(OR(B4="Select",B8="Select"),"Complete inputs above",IF(ISNUMBER(SEARCH("Unpasteurized",B8)),"LOW - cold chain required",IF(AND(ISNUMBER(SEARCH("Twice",B8)),B7>=15),"HIGH - room temp storage OK",IF(AND(ISNUMBER(SEARCH("Full",B4)),B7>=15),"HIGH - room temp storage OK",IF(B7>=15,"MODERATE - cool storage","LOW - refrigerate"))))),"") -> Complete inputs above
A29: KILL STATUS
A30: Yeast | B30: =IF(B4="Select","—","Dead") -> —
A31: Enzymes | B31: =IF(B4="Select","—",IF(ISNUMBER(SEARCH("yeast only",B4)),"ACTIVE - flavor evolving","Dead")) -> —
A32: Hiochi bacteria | B32: =IF(B4="Select","—",IF(OR(ISNUMBER(SEARCH("Full",B4)),ISNUMBER(SEARCH("Export",B4))),"Dead",IF(AND(B7>=15,ISNUMBER(SEARCH("enzymes",B4))),"Likely dead (high ABV)","RISK - may survive"))) -> —
A34: WARNINGS
A35: =IF(AND(B7<12,B7<>""),"⚠ LOW ABV (<12%): Consider 2x pasteurization + cold chain","")
A36: =IF(ISNUMBER(SEARCH("Air",B9)),"⚠ AIR COOLING: Slow! Adds PU, risks flavor damage","")
A37: =IF(OR(ISNUMBER(SEARCH("Plate",B6)),ISNUMBER(SEARCH("Jakan",B6)),ISNUMBER(SEARCH("Jacketed",B6))),"ℹ BULK METHOD: Sterile fill required after pasteurization","")
A38: =IF(AND(ISNUMBER(SEARCH("Warm",B11)),NOT(ISNUMBER(SEARCH("Twice",B8)))),"⚠ WARM STORAGE: Requires twice-pasteurized sake","")
A39: =IF(AND(ISNUMBER(SEARCH("Full",B4)),NOT(ISNUMBER(SEARCH("Twice",B8)))),"ℹ Full stability requires TWICE pasteurized (change strategy above)","")
A40: =IF(AND(A35="",A36="",A37="",A38="",A39=""),"✓ No warnings - settings look good!","") -> ✓ No warnings - settings look good!
A41: REFERENCE
A43: PU FORMULA
A44: PU = t × 10^((T-60)/Z)
A45: Z = 6.94°C (thermal resistance)
A47: PU EQUIVALENTS
A48: Time/Temp | B48: PU
A49: 28 min @ 50°C | B49: 1 PU
A50: 5 min @ 55°C | B50: 1 PU
A51: 1 min @ 60°C | B51: 1 PU
A52: 5 min @ 60°C | B52: 5 PU
A53: 5 min @ 65°C | B53: 26.3 PU
A54: 20 min @ 65°C (traditional) | B54: 105 PU (overkill)
A56: PU TARGETS
A57: ~5 PU: Minimum for >12% ABV
A58: ~14 PU: Hiochi kill at 13% ABV
A59: 105 PU: Traditional (overkill)
A61: ALCOHOL & pH EFFECTS
A62: Alcohol: Massive additive effect on lethality
A63: pH <4.1: Much less survivable for pathogens
A64: Higher ABV = less heat/time needed
A65: pH <4.1: Reduced PU requirements
A66: THERMAL DEATH (Hirai 1962)
A67: Target | B67: Temp/Time
A68: Yeast | B68: 50-55°C
A69: Enzymes | B69: 65°C
A70: Hiochi (at 13% ABV) | B70: 70°C / 30 sec (~14 PU)
A72: METHODS: LTLT vs HTST
A73: LTLT: 65°C / 20 min (traditional, 105 PU)
A74: HTST: 72°C / 15 sec (modern, ~14 PU)
A76: NIGORI / SOLIDS WARNING
A77: Rice solids = higher heat capacity
A78: Cold spots possible - extend time
A80: SPORE WARNING
A81: Spores more resistant than mature organisms
A82: Under-pasteurized = time-bomb risk
A84: FLAVOR & AROMA CHANGES
A85: Increases | B85: Decreases
A86: Aldehyde, caramel, honey | B86: Ginjo scent, fruit, esters
A87: Bitter, smooth | B87: Astringency, roughness
A89: COMMERCIAL NOTE
A90: Commercial: May need Process Authority Letter
A92: SOURCES
A93: BrewSake.org/pasteurization
A94: Hirai et al. 1962 - JBSJ 57(9)
A95: Tamonin Nikki 1570 (多聞院日記)

Sheet Troubleshooting
A1: TROUBLESHOOTING
A2: Common problems, causes, and solutions for koji-based fermentation
A4: Problem | B4: Likely Cause | C4: Solution
A5: KOJI PROBLEMS
A7: No visible growth after 24 hrs | B7: Temperature too low (<28°C), dead spores, sterilized environment, rice too dry | C7: Ensure 30-32°C, use fresh tane-koji, don't over-sanitize muro, check rice moisture 38%
A8: Nuri-haze (surface only, no penetration) | B8: Rice surface too wet, hard center from undersoaking. Fungi get moisture from surface, no drive to penetrate. | C8: Proper soaking (28-30% absorption), cool rice to reduce surface moisture before inoculation, target 38% total moisture
A9: Baka-haze (deep growth, low enzyme) | B9: Excessive moisture triggers glucose effect. High glucose suppresses enzyme genes via feedback inhibition. | C9: Reduce moisture, don't over-soak, ensure proper steaming. Rice should not squash easily.
A10: Haze-ochi (sparse/no growth) | B10: Too cool, too dry, contamination, poor spore quality, bad hygiene | C10: Check temps 30-35°C, humidity 80%+, use fresh spores, clean equipment
A11: Green/black spores appearing | B11: Koji sporulating - went too long or too hot. Indicates over-maturity. | C11: Harvest earlier (before 48hrs for most methods), keep peak temp under 42°C
A12: Ammonia smell | B12: Excessive protein breakdown from high protease activity, often from over-fermentation or contamination | C12: Shorter incubation, lower temps, ensure clean environment
A13: Sour/vinegar smell in koji | B13: Bacterial contamination (Acetobacter or LAB) | C13: Improve sanitation, check water source, ensure proper temp (bacteria slower at higher koji temps)
A15: MOTO (YEAST STARTER) PROBLEMS
A17: No fermentation activity | B17: Dead yeast, too cold (<10°C), too much lactic acid, nutrient deficiency (phosphate) | C17: Fresh yeast, warm to 15-20°C, check lactic acid dose (650-700mL/100L), add yeast nutrient
A18: Stuck fermentation | B18: Temperature shock, nutrient deficiency (esp. phosphate <250mg/L), excessive alcohol | C18: Maintain stable temps, add phosphate/nutrients, ensure moto doesn't exceed 15% ABV
A19: Over-acidification (kimoto/yamahai) | B19: LAB dominated too long, temperature stayed in LAB-optimal range (20-30°C) | C19: Move to warmer temps (35°C+) to kill LAB and favor yeast, or restart
A20: Contamination (film/off-odor) | B20: Wild yeast, bacteria from equipment or air, insufficient acidity | C20: Better sanitation, ensure pH drops to 4.0 or below, consider sokujo method
A21: Slow start (kimoto/yamahai) | B21: Normal - traditional methods take 3-4 weeks. Not a problem unless off-odors develop. | C21: Patience. Monitor for contamination but don't rush. Natural LAB takes time.
A23: MOROMI (MAIN FERMENTATION) PROBLEMS
A25: Fermentation too fast/hot | B25: Temperature too high, too much koji, hard water accelerating yeast | C25: Cool to 10-15°C (ginjo) or 15-18°C (junmai). Reduce koji ratio. Consider softer water.
A26: Fermentation too slow | B26: Too cold, weak yeast, soft water, insufficient nutrients | C26: Warm slightly, ensure healthy moto, add minerals to moto water, check koji quality
A27: Stuck at low alcohol (12-14%) | B27: Weak yeast, nutrient deficiency, osmotic stress from high sugar | C27: Use alcohol-tolerant yeast (Kyokai #7, #9), ensure adequate nutrients, proper sandan-jikomi staging
A28: Foaming overflow | B28: Vigorous fermentation, foam-positive yeast strain | C28: Use foam-negative yeast, larger vessel, add rice bran (nuka) to break foam, lower temperature
A29: Off-flavors developing | B29: Contamination, autolysis (yeast death), oxidation, high ferment temp | C29: Check sanitation, don't over-extend ferment, minimize oxygen exposure, control temperature
A30: Film on surface (hiochi) | B30: Hiochi bacteria - sake-spoiling LAB that survives alcohol | C30: Pasteurize immediately, improve sanitation for next batch, lower pH
A32: WATER PROBLEMS
A34: Red/brown discoloration | B34: Iron >0.02 ppm binding with koji compounds to form colored complexes | C34: Filter water with activated carbon, use iron-free source, aerate then filter
A35: Light-struck off-flavors | B35: Manganese >0.02 ppm catalyzing photo-oxidation under UV/light exposure | C35: Remove Mn from water, store sake in dark, use brown/UV-blocking bottles
A36: Harsh/mineral taste | B36: Excessive hardness, high sulfate, high chloride | C36: Dilute with soft water, use RO/distilled for warimizu, match water to style
A37: Thin/weak fermentation | B37: Water too soft, lacking K/Mg/P for yeast health | C37: Add minerals to moto water: KCl, MgSO4, yeast nutrient. See Water Calc sheet.
A39: FINISHED SAKE PROBLEMS
A41: Too sweet (high nihonshudo negative) | B41: Incomplete fermentation, too much residual sugar, weak koji enzymes | C41: Extend fermentation, use stronger koji, higher ferment temp, more active yeast
A42: Too dry/harsh | B42: Over-fermentation, high amino acidity, excessive alcohol | C42: Shorten ferment, use less protease-active koji, blend with sweeter sake
A43: High amino acidity (heavy/rough) | B43: Excessive protein breakdown, low polish ratio with high yeast, wrong koji type | C43: Higher polish, tsuki-haze koji, cooler ferment to reduce amino production
A44: Lacks aroma (no ginjo-ka) | B44: Ferment too warm (drives off esters), wrong yeast, sou-haze koji | C44: Lower ferment to 10-12°C, use aromatic yeast (#9, #1801), tsuki-haze koji, high polish
A45: Sulfur/rotten egg smell | B45: Yeast stress producing H2S, or contamination | C45: Better yeast nutrition, avoid temperature swings, aerate briefly (racking)
A46: Oxidized/sherry-like | B46: Oxygen exposure during storage, incomplete pasteurization | C46: Minimize headspace, proper pasteurization, store cold and dark
A47: Hazy/cloudy (unwanted) | B47: Protein/starch haze, incomplete pressing, bacterial contamination | C47: Fine filtration, bentonite fining, pasteurize to precipitate proteins
A49: OTHER KOJI FERMENTS
A51: Miso too salty | B51: Salt ratio too high, insufficient fermentation time | C51: Use 10-12% salt (not 13%+), extend aging 6+ months for salt to mellow
A52: Miso darkening too fast | B52: High temperature storage, high moisture, air exposure (Maillard reaction) | C52: Store cool, ensure proper tamari layer forms, minimize air contact
A53: Shio koji not sweet | B53: Insufficient koji enzyme activity, too much salt inhibiting enzymes, too cold | C53: Use quality koji, keep salt 12-13%, ferment at 20-25°C, massage daily
A54: Amazake too thin | B54: Koji weak, temperature dropped below 55°C (enzymes inactive), too much water | C54: Use fresh active koji, maintain 55-60°C strictly, use less water (60% not more)
A55: Shoyu not developing umami | B55: Insufficient aging, wrong koji (need protease-rich), temperature too low | C55: Age 12-18 months minimum, use soy koji or long-incubated rice koji, summer heat helps
A56: Vinegar not acidifying | B56: No acetobacter culture, alcohol too high (>7%), insufficient oxygen | C56: Add mother/seed vinegar, dilute to 5-7% ABV, ensure aerobic surface exposure
A58: WHEN TO DISCARD
A60: ⚠️ DISCARD IF:
A61: • Black, pink, or orange mold (not green/white koji)
A62: • Putrid, fecal, or strongly ammonia smell
A63: • Slimy texture not from normal fermentation
A64: • Visible insects or rodent contamination
A65: • Unknown contamination you cannot identify
A67: When in doubt, throw it out. No batch is worth a foodborne illness.

Sheet _Allocations
A1: Totals
A2: Rice kg | B2: =IF(OR(_Inputs!B4="",_Inputs!B4=0),"",_Inputs!B4) -> 99
A3: Koji kg | B3: =IF(OR(B2="",B2=0,_Inputs!B5=""),"",B2*_Inputs!B5) -> 21.78
A4: Water L | B4: =IF(OR(B2="",B2=0),"",B2*IFERROR(VLOOKUP(_Inputs!B1,_Presets!$A$2:$C$100,3,FALSE()),1.3)) -> 128.7
A5: Mash mass (kg actual) | B5: =IF(OR(B2="",B2=0),"",(B2-B3)*1.3 + B3*(1+_Constants!B16) + B4) -> 254.3508
A6: Theoretical volume L | B6: =IF(OR(B5="",B5=0),"",B5/_Constants!B2) -> 267.73768
A7: Genshu yield (L) | B7: =IF(OR(_Allocations!B2="",B2=0),"",_Allocations!B2*_Constants!B17*IF(OR(_Inputs!B33="",_Inputs!B33=0),0.68,_Inputs!B33)) -> 121.176
A8: Diluted yield (L) @15% | B8: =IF(OR(_Allocations!B7="",_Allocations!B7=0),"",_Allocations!B7*(_Constants!B18/15)) -> 147.02688
A9: Moromi (excl moto) | B9: =IF(OR($B$2="",B2=0,_Inputs!$B$7=""),"",$B$2*(1-_Inputs!$B$7)) -> 92.07 | C9: =IF(OR(_Allocations!$B$3="",_Allocations!$B$3=0),"",_Allocations!$B$3-_Allocations!C11) -> 19.4931 | D9: =IF(OR($B$4="",$B$4=0),"",_Allocations!$B$4-_Allocations!D11) -> 121.077
A10: Stage | B10: Rice kg | C10: Koji kg | D10: Water L
A11: Moto | B11: =IF(OR($B$2="",B2=0,_Inputs!$B$7=""),"",$B$2*_Inputs!$B$7) -> 6.93 | C11: =IF(OR(_Allocations!B11="",_Allocations!B11=0),"",_Allocations!B11*_Inputs!$B$17) -> 2.2869 | D11: =IF(OR($B$2="",B2=0),"",$B$2*_Inputs!$B$7*_Inputs!$B$18) -> 7.623
A12: Soe | B12: =IF(OR($B$9="",B9=0,_Inputs!B8=""),"",$B$9*_Inputs!B8) -> 13.8105 | C12: =IF(OR(_Allocations!$C$9="",_Allocations!C9=0),"",_Allocations!$C$9*_Inputs!$B$12) -> 5.458068 | D12: =IF(OR($B$9="",B9=0),"",$B$9*_Inputs!$B$8*_Inputs!$B$20) -> 13.119975
A13: Naka | B13: =IF(OR($B$9="",B9=0,_Inputs!B9=""),"",$B$9*_Inputs!B9) -> 32.2245 | C13: =IF(OR(_Allocations!$C$9="",_Allocations!C9=0),"",_Allocations!$C$9*_Inputs!$B$13) -> 4.288482 | D13: =IF(OR($B$9="",B9=0),"",$B$9*_Inputs!$B$9*_Inputs!$B$21) -> 40.280625
A14: Tome | B14: =IF(OR($B$9="",B9=0,_Inputs!B10=""),"",$B$9*_Inputs!B10) -> 46.035 | C14: =IF(OR(_Allocations!$C$9="",_Allocations!C9=0),"",_Allocations!$C$9*_Inputs!$B$14) -> 3.508758 | D14: =IF(OR($B$9="",B9=0),"",$B$9*_Inputs!$B$10*_Inputs!$B$16) -> 66.75075
A15: Yon | B15: =IF(OR($B$9="",B9=0,_Inputs!B11=""),"",$B$9*_Inputs!B11) -> 0 | C15: =IF(OR(_Allocations!$C$9="",_Allocations!C9=0),"",_Allocations!$C$9*_Inputs!$B$15) -> 0 | D15: =IF(OR($B$9="",B9=0),"",$B$9*_Inputs!$B$11*_Inputs!$B$22) -> 0
A17: Koji sizing (Ueda)
A18: Dry koji required (kg dry) | B18: =IF(OR(B3="",B3=0),"",B3) -> 21.78
A19: Steamed weight (kg post‑steam) | B19: =IF(OR(B3="",B3=0),"",B3/(1-_Constants!B6)) -> 37.551724
A20: Pre‑inoc weight (kg pre‑inoc) | B20: =IF(OR(B3="",B3=0),"",B3/(1-_Constants!B7)) -> 31.114286
A21: Estimated trays | B21: =IF(OR(B19="",B19=0),"",CEILING(B19/_Constants!B8,1)) -> 26
A22: Moto rice breakdown
A23: Moto raw rice (kg) | B23: =IF(OR(B11="",B11=0,_Inputs!B19=""),"",B11*_Inputs!B19) -> 0
A24: Moto kakemai (kg dry) | B24: =IF(OR(_Allocations!B11="",_Allocations!B11=0),"",(B11-IFERROR(B23,0)-IFERROR(_Allocations!C11,0))) -> 4.6431
A26: NITROGEN PROFILE
A27: Crude protein (%) | B27: =_Inputs!B26
A28: Digestible fraction (G/TP) | B28: =_Inputs!B27 -> 0.41
A29: Locked fraction (P/TP) | B29: =_Inputs!B28 -> 0.21
A30: G/P ratio | B30: =_Inputs!B29 -> 1.97
A32: AMINO TENDENCY
A33: Seimaibuai factor | B33: =IF(OR(_Inputs!B24="",_Inputs!B24=0),"",IF(_Inputs!B24>=90,0.6,IF(_Inputs!B24>=80,0.8,IF(_Inputs!B24>=70,1,IF(_Inputs!B24>=60,0.9,IF(_Inputs!B24>=50,0.75,0.6))))))
A34: Amino tendency score | B34: =IF(OR(B27="",B28="",B33=""),"",ROUND(B27*B28*B33,1))
A35: Amino tendency | B35: =IF(B34="","",IF(B34<1.5,"Very Low",IF(B34<2,"Low",IF(B34<2.5,"Medium",IF(B34<3,"High","Very High")))))
A37: FERMENTATION VIGOR
A38: Vigor factor | B38: =IF(OR(_Inputs!B24="",_Inputs!B24=0),"",IF(_Inputs!B24>=90,1.5,IF(_Inputs!B24>=80,1.25,IF(_Inputs!B24>=70,1,IF(_Inputs!B24>=60,0.85,0.7)))))
A39: Vigor level | B39: =IF(B38="","",IF(B38>=1.4,"Very Fast",IF(B38>=1.15,"Fast",IF(B38>=0.9,"Standard",IF(B38>=0.75,"Slow","Very Slow")))))
A40: Vigor warning | B40: =IF(B38="","",IF(B38>=1.4,"⚠ Monitor closely - expect rapid ferment",IF(B38<=0.75,"⚠ Extended timeline - watch for stuck ferment","")))
A43: CHART DATA
A44: Stage | B44: Raw Rice | C44: Kakemai | D44: Koji | E44: Water
A45: Moto | B45: =IFERROR(_Allocations!B23,0) -> 0 | C45: =IFERROR(_Allocations!B24,0) -> 4.6431 | D45: =IFERROR(_Allocations!C11,0) -> 2.2869 | E45: =IFERROR(_Allocations!D11,0) -> 7.623
A46: Soe | B46: =0 -> 0 | C46: =IFERROR(_Allocations!B12,0) -> 13.8105 | D46: =IFERROR(_Allocations!C12,0) -> 5.458068 | E46: =IFERROR(_Allocations!D12,0) -> 13.119975
A47: Naka | B47: =0 -> 0 | C47: =IFERROR(_Allocations!B13,0) -> 32.2245 | D47: =IFERROR(_Allocations!C13,0) -> 4.288482 | E47: =IFERROR(_Allocations!D13,0) -> 40.280625
A48: Tome | B48: =0 -> 0 | C48: =IFERROR(_Allocations!B14,0) -> 46.035 | D48: =IFERROR(_Allocations!C14,0) -> 3.508758 | E48: =IFERROR(_Allocations!D14,0) -> 66.75075
A49: Yondan | B49: =0 -> 0 | C49: =IFERROR(_Allocations!B15,0) -> 0 | D49: =IFERROR(_Allocations!C15,0) -> 0 | E49: =IFERROR(_Allocations!D15,0) -> 0
A52: PER-STAGE NITROGEN
A53: Stage | B53: Lot | C53: Variety | D53: Polish % | E53: Protein % | F53: Rice kg | G53: N input (g) | H53: Yeast uptake factor | I53: Net N (g)
A54: Kojimai | B54: =Recipe!B18 -> Lot A | C54: =IFERROR(VLOOKUP(B54,Recipe!$A$11:$D$14,2,FALSE()),"") -> Select ▽ | D54: =IFERROR(IF(VLOOKUP(B54,Recipe!$A$11:$D$14,3,FALSE())="",IF(_Inputs!$B$2<>"",INDEX(_Presets!$U$2:$U$100,_Inputs!$B$2),70),VLOOKUP(B54,Recipe!$A$11:$D$14,3,FALSE())),"") -> 0 | E54: =IFERROR(IF(OR(C54="",C54="Select ▽",C54="Select"),IF(D54>=90,7,IF(D54>=80,5.95,IF(D54>=70,4.9,IF(D54>=60,3.85,IF(D54>=50,2.8,IF(D54>=40,2.1,1.75)))))),IF(D54>=90,VLOOKUP(C54,_Lookups!$P$2:$T$50,5,FALSE()),IF(D54>=80,VLOOKUP(C54,_Lookups!$P$2:$T$50,5,FALSE())*0.85,IF(D54>=70,VLOOKUP(C54,_Lookups!$P$2:$T$50,5,FALSE())*0.7,IF(D54>=60,VLOOKUP(C54,_Lookups!$P$2:$T$50,5,FALSE())*0.55,IF(D54>=50,VLOOKUP(C54,_Lookups!$P$2:$T$50,5,FALSE())*0.4,IF(D54>=40,VLOOKUP(C54,_Lookups!$P$2:$T$50,5,FALSE())*0.3,VLOOKUP(C54,_Lookups!$P$2:$T$50,5,FALSE())*0.25))))))),IF(D54>=90,7,IF(D54>=80,5.95,IF(D54>=70,4.9,IF(D54>=60,3.85,IF(D54>=50,2.8,IF(D54>=40,2.1,1.75))))))) -> 1.75 | F54: =IFERROR(B3,"") -> 21.78 | G54: =IFERROR(IF(OR(E54="",F54=""),"",E54/100*F54*1000),"") -> 381.15 | H54: =0.3 -> 0.3 | I54: =IFERROR(IF(OR(G54="",H54=""),"",G54*(1-H54)),"") -> 266.805
A55: Moto | B55: =Recipe!B19 -> Lot A | C55: =IFERROR(VLOOKUP(B55,Recipe!$A$11:$D$14,2,FALSE()),"") -> Select ▽ | D55: =IFERROR(IF(VLOOKUP(B55,Recipe!$A$11:$D$14,3,FALSE())="",IF(_Inputs!$B$2<>"",INDEX(_Presets!$U$2:$U$100,_Inputs!$B$2),70),VLOOKUP(B55,Recipe!$A$11:$D$14,3,FALSE())),"") -> 0 | E55: =IFERROR(IF(OR(C55="",C55="Select ▽",C55="Select"),IF(D55>=90,7,IF(D55>=80,5.95,IF(D55>=70,4.9,IF(D55>=60,3.85,IF(D55>=50,2.8,IF(D55>=40,2.1,1.75)))))),IF(D55>=90,VLOOKUP(C55,_Lookups!$P$2:$T$50,5,FALSE()),IF(D55>=80,VLOOKUP(C55,_Lookups!$P$2:$T$50,5,FALSE())*0.85,IF(D55>=70,VLOOKUP(C55,_Lookups!$P$2:$T$50,5,FALSE())*0.7,IF(D55>=60,VLOOKUP(C55,_Lookups!$P$2:$T$50,5,FALSE())*0.55,IF(D55>=50,VLOOKUP(C55,_Lookups!$P$2:$T$50,5,FALSE())*0.4,IF(D55>=40,VLOOKUP(C55,_Lookups!$P$2:$T$50,5,FALSE())*0.3,VLOOKUP(C55,_Lookups!$P$2:$T$50,5,FALSE())*0.25))))))),IF(D55>=90,7,IF(D55>=80,5.95,IF(D55>=70,4.9,IF(D55>=60,3.85,IF(D55>=50,2.8,IF(D55>=40,2.1,1.75))))))) -> 1.75 | F55: =IFERROR(B24,"") -> 4.6431 | G55: =IFERROR(IF(OR(E55="",F55=""),"",E55/100*F55*1000),"") -> 81.25425 | H55: =IFERROR(IF(D55>=90,0.67,IF(D55>=80,0.55,IF(D55>=70,0.45,0.35))),0.5) -> 0.35 | I55: =IFERROR(IF(OR(G55="",H55=""),"",G55*(1-H55)),"") -> 52.815263
A56: Soe | B56: =Recipe!B21 -> Lot A | C56: =IFERROR(VLOOKUP(B56,Recipe!$A$11:$D$14,2,FALSE()),"") -> Select ▽ | D56: =IFERROR(IF(VLOOKUP(B56,Recipe!$A$11:$D$14,3,FALSE())="",IF(_Inputs!$B$2<>"",INDEX(_Presets!$U$2:$U$100,_Inputs!$B$2),70),VLOOKUP(B56,Recipe!$A$11:$D$14,3,FALSE())),"") -> 0 | E56: =IFERROR(IF(OR(C56="",C56="Select ▽",C56="Select"),IF(D56>=90,7,IF(D56>=80,5.95,IF(D56>=70,4.9,IF(D56>=60,3.85,IF(D56>=50,2.8,IF(D56>=40,2.1,1.75)))))),IF(D56>=90,VLOOKUP(C56,_Lookups!$P$2:$T$50,5,FALSE()),IF(D56>=80,VLOOKUP(C56,_Lookups!$P$2:$T$50,5,FALSE())*0.85,IF(D56>=70,VLOOKUP(C56,_Lookups!$P$2:$T$50,5,FALSE())*0.7,IF(D56>=60,VLOOKUP(C56,_Lookups!$P$2:$T$50,5,FALSE())*0.55,IF(D56>=50,VLOOKUP(C56,_Lookups!$P$2:$T$50,5,FALSE())*0.4,IF(D56>=40,VLOOKUP(C56,_Lookups!$P$2:$T$50,5,FALSE())*0.3,VLOOKUP(C56,_Lookups!$P$2:$T$50,5,FALSE())*0.25))))))),IF(D56>=90,7,IF(D56>=80,5.95,IF(D56>=70,4.9,IF(D56>=60,3.85,IF(D56>=50,2.8,IF(D56>=40,2.1,1.75))))))) -> 1.75 | F56: =IFERROR(B12,"") -> 13.8105 | G56: =IFERROR(IF(OR(E56="",F56=""),"",E56/100*F56*1000),"") -> 241.68375 | H56: =IFERROR(IF(D56>=90,0.67,IF(D56>=80,0.55,IF(D56>=70,0.45,0.35))),0.5) -> 0.35 | I56: =IFERROR(IF(OR(G56="",H56=""),"",G56*(1-H56)),"") -> 157.09444
A57: Naka | B57: =Recipe!B22 -> Lot A | C57: =IFERROR(VLOOKUP(B57,Recipe!$A$11:$D$14,2,FALSE()),"") -> Select ▽ | D57: =IFERROR(IF(VLOOKUP(B57,Recipe!$A$11:$D$14,3,FALSE())="",IF(_Inputs!$B$2<>"",INDEX(_Presets!$U$2:$U$100,_Inputs!$B$2),70),VLOOKUP(B57,Recipe!$A$11:$D$14,3,FALSE())),"") -> 0 | E57: =IFERROR(IF(OR(C57="",C57="Select ▽",C57="Select"),IF(D57>=90,7,IF(D57>=80,5.95,IF(D57>=70,4.9,IF(D57>=60,3.85,IF(D57>=50,2.8,IF(D57>=40,2.1,1.75)))))),IF(D57>=90,VLOOKUP(C57,_Lookups!$P$2:$T$50,5,FALSE()),IF(D57>=80,VLOOKUP(C57,_Lookups!$P$2:$T$50,5,FALSE())*0.85,IF(D57>=70,VLOOKUP(C57,_Lookups!$P$2:$T$50,5,FALSE())*0.7,IF(D57>=60,VLOOKUP(C57,_Lookups!$P$2:$T$50,5,FALSE())*0.55,IF(D57>=50,VLOOKUP(C57,_Lookups!$P$2:$T$50,5,FALSE())*0.4,IF(D57>=40,VLOOKUP(C57,_Lookups!$P$2:$T$50,5,FALSE())*0.3,VLOOKUP(C57,_Lookups!$P$2:$T$50,5,FALSE())*0.25))))))),IF(D57>=90,7,IF(D57>=80,5.95,IF(D57>=70,4.9,IF(D57>=60,3.85,IF(D57>=50,2.8,IF(D57>=40,2.1,1.75))))))) -> 1.75 | F57: =IFERROR(B13,"") -> 32.2245 | G57: =IFERROR(IF(OR(E57="",F57=""),"",E57/100*F57*1000),"") -> 563.92875 | H57: =IFERROR(IF(D57>=90,0.67,IF(D57>=80,0.55,IF(D57>=70,0.45,0.35))),0.5) -> 0.35 | I57: =IFERROR(IF(OR(G57="",H57=""),"",G57*(1-H57)),"") -> 366.55369
A58: Tome | B58: =Recipe!B23 -> Lot A | C58: =IFERROR(VLOOKUP(B58,Recipe!$A$11:$D$14,2,FALSE()),"") -> Select ▽ | D58: =IFERROR(IF(VLOOKUP(B58,Recipe!$A$11:$D$14,3,FALSE())="",IF(_Inputs!$B$2<>"",INDEX(_Presets!$U$2:$U$100,_Inputs!$B$2),70),VLOOKUP(B58,Recipe!$A$11:$D$14,3,FALSE())),"") -> 0 | E58: =IFERROR(IF(OR(C58="",C58="Select ▽",C58="Select"),IF(D58>=90,7,IF(D58>=80,5.95,IF(D58>=70,4.9,IF(D58>=60,3.85,IF(D58>=50,2.8,IF(D58>=40,2.1,1.75)))))),IF(D58>=90,VLOOKUP(C58,_Lookups!$P$2:$T$50,5,FALSE()),IF(D58>=80,VLOOKUP(C58,_Lookups!$P$2:$T$50,5,FALSE())*0.85,IF(D58>=70,VLOOKUP(C58,_Lookups!$P$2:$T$50,5,FALSE())*0.7,IF(D58>=60,VLOOKUP(C58,_Lookups!$P$2:$T$50,5,FALSE())*0.55,IF(D58>=50,VLOOKUP(C58,_Lookups!$P$2:$T$50,5,FALSE())*0.4,IF(D58>=40,VLOOKUP(C58,_Lookups!$P$2:$T$50,5,FALSE())*0.3,VLOOKUP(C58,_Lookups!$P$2:$T$50,5,FALSE())*0.25))))))),IF(D58>=90,7,IF(D58>=80,5.95,IF(D58>=70,4.9,IF(D58>=60,3.85,IF(D58>=50,2.8,IF(D58>=40,2.1,1.75))))))) -> 1.75 | F58: =IFERROR(B14,"") -> 46.035 | G58: =IFERROR(IF(OR(E58="",F58=""),"",E58/100*F58*1000),"") -> 805.6125 | H58: =IFERROR(IF(D58>=90,0.67,IF(D58>=80,0.55,IF(D58>=70,0.45,0.35))),0.5) -> 0.35 | I58: =IFERROR(IF(OR(G58="",H58=""),"",G58*(1-H58)),"") -> 523.64813
A59: Yondan | B59: =Recipe!B24 -> Lot A | C59: =IFERROR(VLOOKUP(B59,Recipe!$A$11:$D$14,2,FALSE()),"") -> Select ▽ | D59: =IFERROR(IF(VLOOKUP(B59,Recipe!$A$11:$D$14,3,FALSE())="",IF(_Inputs!$B$2<>"",INDEX(_Presets!$U$2:$U$100,_Inputs!$B$2),70),VLOOKUP(B59,Recipe!$A$11:$D$14,3,FALSE())),"") -> 0 | E59: =IFERROR(IF(OR(C59="",C59="Select ▽",C59="Select"),IF(D59>=90,7,IF(D59>=80,5.95,IF(D59>=70,4.9,IF(D59>=60,3.85,IF(D59>=50,2.8,IF(D59>=40,2.1,1.75)))))),IF(D59>=90,VLOOKUP(C59,_Lookups!$P$2:$T$50,5,FALSE()),IF(D59>=80,VLOOKUP(C59,_Lookups!$P$2:$T$50,5,FALSE())*0.85,IF(D59>=70,VLOOKUP(C59,_Lookups!$P$2:$T$50,5,FALSE())*0.7,IF(D59>=60,VLOOKUP(C59,_Lookups!$P$2:$T$50,5,FALSE())*0.55,IF(D59>=50,VLOOKUP(C59,_Lookups!$P$2:$T$50,5,FALSE())*0.4,IF(D59>=40,VLOOKUP(C59,_Lookups!$P$2:$T$50,5,FALSE())*0.3,VLOOKUP(C59,_Lookups!$P$2:$T$50,5,FALSE())*0.25))))))),IF(D59>=90,7,IF(D59>=80,5.95,IF(D59>=70,4.9,IF(D59>=60,3.85,IF(D59>=50,2.8,IF(D59>=40,2.1,1.75))))))) -> 1.75 | F59: =IFERROR(B15,"") -> 0 | G59: =IFERROR(IF(OR(E59="",F59=""),"",E59/100*F59*1000),"") -> 0 | H59: =IFERROR(IF(D59>=90,0.67,IF(D59>=80,0.55,IF(D59>=70,0.45,0.35))),0.5) -> 0.35 | I59: =IFERROR(IF(OR(G59="",H59=""),"",G59*(1-H59)),"") -> 0
A61: TOTAL | F61: =SUM(F54:F59) -> 118.4931 | G61: =SUM(G54:G59) -> 2073.6293 | I61: =SUM(I54:I59) -> 1366.9165
A63: AMINO ACIDITY MODEL (Simplified Iemura)
A64: Total protein input (g) | B64: =G61 -> 2073.6293
A65: Weighted avg polish (%) | B65: =IFERROR(IF(F61=0,"",ROUND(SUMPRODUCT(D54:D59,F54:F59)/F61,0)),"") -> 0
A66: Protein dissolved (g) | B66: =IFERROR(IF(B64="","",ROUND(B64*0.35,0)),"") -> 726
A67: Yeast uptake (g) | B67: =IFERROR(IF(OR(B65="",B66=""),"",ROUND(B66*MAX(0.35,0.45+(B65-70)*0.011),0)),"") -> 254
A68: Uptake % | B68: =IFERROR(IF(OR(B66="",B67=""),"",TEXT(B67/B66,"0%")),"") -> 35%
A69: Residual N (g) | B69: =IFERROR(IF(OR(B66="",B67=""),"",B66-B67),"") -> 472
A70: Expected volume (L) | B70: =B7 -> 121.176
A71: Predicted amino acidity | B71: =IFERROR(IF(OR(B69="",B70="",B70=0),"",ROUND(B69/B70*0.2,2)),"") -> 0.78
A72: Amino tendency | B72: =IFERROR(IF(B71="","",IF(B71<1,"Very Low (clean)",IF(B71<1.3,"Low (ginjo)",IF(B71<1.6,"Standard",IF(B71<2,"High (junmai)","Very High (kimoto)"))))),"") -> Very Low (clean)

Sheet _Inputs
A1: Preset name | B1: =Recipe!B5 -> Select ▽
A2: Baseline index | B2: =IFERROR(MATCH(_Inputs!B1,_Presets!$A$2:$A$100,0),"") -> 1
A4: Total rice (kg) | B4: =Recipe!B4 -> 99
A5: Koji fraction | B5: =IF(_Inputs!B2="",0.2,INDEX(_Presets!$B$2:$B$100,_Inputs!B2)) -> 0.22
A6: Water L/kg | B6: =IF(B1="Select","",IFERROR(VLOOKUP(B1,_Presets!$A$2:$C$100,3,FALSE()),1.3)) -> 1.3
A7: Moto % of total | B7: =IF(_Inputs!B2="",0.07,INDEX(_Presets!$P$2:$P$100,_Inputs!B2)) -> 0.07
A8: Soe % | B8: =IF(_Inputs!B2="",0.27,INDEX(_Presets!$D$2:$D$100,_Inputs!B2)) -> 0.15
A9: Naka % | B9: =IF(_Inputs!B2="",0.34,INDEX(_Presets!$E$2:$E$100,_Inputs!B2)) -> 0.35
A10: Tome % | B10: =IF(_Inputs!B2="",0.39,INDEX(_Presets!$F$2:$F$100,_Inputs!B2)) -> 0.5
A11: Yon % | B11: =IF(_Inputs!B2="",0,INDEX(_Presets!$G$2:$G$100,_Inputs!B2)) -> 0
A12: Koji Soe % | B12: =IF(_Inputs!B2="","",INDEX(_Presets!$H$2:$H$100,_Inputs!B2)) -> 0.28
A13: Koji Naka % | B13: =IF(_Inputs!B2="","",INDEX(_Presets!$I$2:$I$100,_Inputs!B2)) -> 0.22
A14: Koji Tome % | B14: =IF(_Inputs!B2="","",INDEX(_Presets!$J$2:$J$100,_Inputs!B2)) -> 0.18
A15: Koji Yon % | B15: =IF(_Inputs!B2="","",INDEX(_Presets!$K$2:$K$100,_Inputs!B2)) -> 0
A16: Water Tome | B16: =IF(_Inputs!B2="","",INDEX(_Presets!$N$2:$N$100,_Inputs!B2)) -> 1.45
A17: Moto Koji % | B17: =IF(_Inputs!B2="","",INDEX(_Presets!$Q$2:$Q$100,_Inputs!B2)) -> 0.33
A18: Moto Water % | B18: =IF(_Inputs!B2="","",INDEX(_Presets!$R$2:$R$100,_Inputs!B2)) -> 1.1
A19: Moto Raw Rice % | B19: =IF(_Inputs!B2="","",INDEX(_Presets!$S$2:$S$100,_Inputs!B2)) -> 0
A20: Water Soe % | B20: =IF(_Inputs!B2="","",INDEX(_Presets!$L$2:$L$100,_Inputs!B2)) -> 0.95
A21: Water Naka % | B21: =IF(_Inputs!B2="","",INDEX(_Presets!$M$2:$M$100,_Inputs!B2)) -> 1.25
A22: Water Yon % | B22: =IF(_Inputs!B2="","",INDEX(_Presets!$O$2:$O$100,_Inputs!B2)) -> 0
A24: Seimaibuai | B24: =IF(Recipe!B18="Select","",IF(Recipe!B18="Lot A",IF(Recipe!C11="",IF(_Inputs!$B$2<>"",INDEX(_Presets!$U$2:$U$100,_Inputs!$B$2),70),Recipe!C11),IF(Recipe!B18="Lot B",IF(Recipe!C12="",IF(_Inputs!$B$2<>"",INDEX(_Presets!$U$2:$U$100,_Inputs!$B$2),70),Recipe!C12),IF(Recipe!B18="Lot C",IF(Recipe!C13="",IF(_Inputs!$B$2<>"",INDEX(_Presets!$U$2:$U$100,_Inputs!$B$2),70),Recipe!C13),IF(Recipe!B18="Lot D",IF(Recipe!C14="",IF(_Inputs!$B$2<>"",INDEX(_Presets!$U$2:$U$100,_Inputs!$B$2),70),Recipe!C14),""))))) -> 0
A25: Rice variety | B25: =IF(Recipe!B18="Select","",IF(Recipe!B18="Lot A",Recipe!B11,IF(Recipe!B18="Lot B",Recipe!B12,IF(Recipe!B18="Lot C",Recipe!B13,IF(Recipe!B18="Lot D",Recipe!B14,""))))) -> Select ▽
A26: Crude protein % | B26: =IF(OR(_Inputs!B24="",_Inputs!B24=0),"",IF(_Inputs!B24>=90,7.5,IF(_Inputs!B24>=80,6.4,IF(_Inputs!B24>=70,5.25,IF(_Inputs!B24>=60,4,IF(_Inputs!B24>=50,2.9,IF(_Inputs!B24>=40,2.2,1.8)))))))
A27: G/TP ratio | B27: =IFERROR(VLOOKUP(B25,_Lookups!$P$2:$U$20,2,FALSE()),0.41) -> 0.41
A28: P/TP ratio | B28: =IFERROR(VLOOKUP(B25,_Lookups!$P$2:$U$20,3,FALSE()),0.21) -> 0.21
A29: G/P ratio | B29: =IFERROR(VLOOKUP(B25,_Lookups!$P$2:$U$20,4,FALSE()),1.97) -> 1.97
A30: Koji mold type | B30: =IFERROR(VLOOKUP(Recipe!B7,_Lookups!$B$2:$C$40,2,FALSE()),"")
A31: Citric factor | B31: =IFERROR(VLOOKUP(B30,_Lookups!$V$2:$W$5,2,FALSE()),0) -> 0
A32: Press method | B32: =Recipe!B36 -> Select ▽
A33: Press efficiency | B33: =IFERROR(VLOOKUP(_Inputs!B32,_Lookups!$CH$1:$CI$20,2,FALSE()),"") -> 0

Sheet _Presets
A1: Name | B1: KojiPct | C1: WaterLkg | D1: RiceSoe | E1: RiceNaka | F1: RiceTome | G1: RiceYon | H1: KojiSoe | I1: KojiNaka | J1: KojiTome | K1: KojiYon | L1: WaterSoe | M1: WaterNaka | N1: WaterTome | O1: WaterYon | P1: MotoPct | Q1: MotoKojiPct | R1: MotoWaterPct | S1: MotoRawRicePct | T1: LotA_Variety | U1: LotA_Polish | V1: LotB_Variety | W1: LotB_Polish | X1: Koji_Lot | Y1: MotoRaw_Lot | Z1: MotoStm_Lot | AA1: Soe_Lot | AB1: Naka_Lot | AC1: Tome_Lot | AD1: Yon_Lot
A2: Select ▽ | B2: 0.22 | C2: 1.3 | D2: 0.15 | E2: 0.35 | F2: 0.5 | G2: 0 | H2: 0.28 | I2: 0.22 | J2: 0.18 | K2: 0 | L2: 0.95 | M2: 1.25 | N2: 1.45 | O2: 0 | P2: 0.07 | Q2: 0.33 | R2: 1.1 | S2: 0
A3: Custom | B3: 0.23 | C3: 1.3 | D3: 0.2 | E3: 0.3 | F3: 0.5 | G3: 0 | H3: 0.6 | I3: 0.3 | J3: 0.1 | K3: 0 | L3: 0.4 | M3: 0.3 | N3: 0.3 | O3: 0 | P3: 0.07 | Q3: 0.33 | R3: 1.2 | S3: 0
A4: Standard_NRIB | B4: 0.217 | C4: 1.3 | D4: 0.1667 | E4: 0.3333 | F4: 0.5 | G4: 0 | H4: 0.222 | I4: 0.333 | J4: 0.444 | K4: 0 | L4: 0.95 | M4: 1.25 | N4: 1.45 | O4: 0 | P4: 0.07 | Q4: 0.308 | R4: 1.1 | S4: 0 | T4: Generic | U4: 70 | X4: Lot A | Y4: Lot A | Z4: Lot A | AA4: Lot A | AB4: Lot A | AC4: Lot A | AD4: Lot A
A5: Junmai | B5: 0.22 | C5: 1.3 | D5: 0.1667 | E5: 0.3333 | F5: 0.5 | G5: 0 | H5: 0.222 | I5: 0.333 | J5: 0.444 | K5: 0 | L5: 0.95 | M5: 1.25 | N5: 1.45 | O5: 0 | P5: 0.07 | Q5: 0.33 | R5: 1.1 | S5: 0 | T5: Gohyakumangoku | U5: 70 | X5: Lot A | Y5: Lot A | Z5: Lot A | AA5: Lot A | AB5: Lot A | AC5: Lot A | AD5: Lot A
A6: Ginjo | B6: 0.22 | C6: 1.3 | D6: 0.1667 | E6: 0.3333 | F6: 0.5 | G6: 0 | H6: 0.222 | I6: 0.333 | J6: 0.444 | K6: 0 | L6: 0.95 | M6: 1.25 | N6: 1.45 | O6: 0 | P6: 0.07 | Q6: 0.33 | R6: 1.1 | S6: 0 | T6: Yamadanishiki | U6: 55 | X6: Lot A | Y6: Lot A | Z6: Lot A | AA6: Lot A | AB6: Lot A | AC6: Lot A | AD6: Lot A
A7: Junmai_Ginjo | B7: 0.22 | C7: 1.3 | D7: 0.1667 | E7: 0.3333 | F7: 0.5 | G7: 0 | H7: 0.222 | I7: 0.333 | J7: 0.444 | K7: 0 | L7: 0.95 | M7: 1.25 | N7: 1.45 | O7: 0 | P7: 0.07 | Q7: 0.33 | R7: 1.1 | S7: 0 | T7: Yamadanishiki | U7: 55 | X7: Lot A | Y7: Lot A | Z7: Lot A | AA7: Lot A | AB7: Lot A | AC7: Lot A | AD7: Lot A
A8: Daiginjo | B8: 0.22 | C8: 1.3 | D8: 0.1667 | E8: 0.3333 | F8: 0.5 | G8: 0 | H8: 0.222 | I8: 0.333 | J8: 0.444 | K8: 0 | L8: 0.95 | M8: 1.25 | N8: 1.45 | O8: 0 | P8: 0.07 | Q8: 0.33 | R8: 1.1 | S8: 0 | T8: Yamadanishiki | U8: 35 | X8: Lot A | Y8: Lot A | Z8: Lot A | AA8: Lot A | AB8: Lot A | AC8: Lot A | AD8: Lot A
A9: Junmai_Daiginjo | B9: 0.22 | C9: 1.3 | D9: 0.1667 | E9: 0.3333 | F9: 0.5 | G9: 0 | H9: 0.222 | I9: 0.333 | J9: 0.444 | K9: 0 | L9: 0.95 | M9: 1.25 | N9: 1.45 | O9: 0 | P9: 0.07 | Q9: 0.33 | R9: 1.1 | S9: 0 | T9: Yamadanishiki | U9: 40 | X9: Lot A | Y9: Lot A | Z9: Lot A | AA9: Lot A | AB9: Lot A | AC9: Lot A | AD9: Lot A
A10: Honjozo | B10: 0.22 | C10: 1.3 | D10: 0.1667 | E10: 0.3333 | F10: 0.5 | G10: 0 | H10: 0.222 | I10: 0.333 | J10: 0.444 | K10: 0 | L10: 0.95 | M10: 1.25 | N10: 1.45 | O10: 0 | P10: 0.07 | Q10: 0.33 | R10: 1.1 | S10: 0 | T10: Gohyakumangoku | U10: 70 | X10: Lot A | Y10: Lot A | Z10: Lot A | AA10: Lot A | AB10: Lot A | AC10: Lot A | AD10: Lot A
A11: Gauntner_Standard | B11: 0.229 | C11: 1.22 | D11: 0.1497 | E11: 0.2941 | F11: 0.4706 | G11: 0 | H11: 0.222 | I11: 0.333 | J11: 0.444 | K11: 0 | L11: 0.9286 | M11: 1.2 | N11: 1.4318 | O11: 0 | P11: 0.065 | Q11: 0.3077 | R11: 1.0769 | S11: 0 | T11: Generic | U11: 70 | X11: Lot A | Y11: Lot A | Z11: Lot A | AA11: Lot A | AB11: Lot A | AC11: Lot A | AD11: Lot A
A12: Nihonshu_2300 | B12: 0.2335 | C12: 1.3 | D12: 0.1534 | E12: 0.2835 | F12: 0.4831 | G12: 0 | H12: 0.21 | I12: 0.26 | J12: 0.53 | K12: 0 | L12: 0.9547 | M12: 1.1764 | N12: 1.5171 | O12: 0 | P12: 0.08 | Q12: 0.3315 | R12: 1.0815 | S12: 0 | T12: Generic | U12: 70 | X12: Lot A | Y12: Lot A | Z12: Lot A | AA12: Lot A | AB12: Lot A | AC12: Lot A | AD12: Lot A
A13: Textbook | B13: 0.211 | C13: 1.286 | D13: 0.1667 | E13: 0.3333 | F13: 0.5 | G13: 0 | H13: 0.222 | I13: 0.333 | J13: 0.444 | K13: 0 | L13: 0.95 | M13: 1.25 | N13: 1.45 | O13: 0 | P13: 0.07 | Q13: 0.33 | R13: 1.1 | S13: 0 | T13: Generic | U13: 70 | X13: Lot A | Y13: Lot A | Z13: Lot A | AA13: Lot A | AB13: Lot A | AC13: Lot A | AD13: Lot A
A14: Sokujo | B14: 0.2 | C14: 1.3 | D14: 0.1667 | E14: 0.3333 | F14: 0.5 | G14: 0 | H14: 0.222 | I14: 0.333 | J14: 0.444 | K14: 0 | L14: 0.95 | M14: 1.25 | N14: 1.45 | O14: 0 | P14: 0.07 | Q14: 0.33 | R14: 1.1 | S14: 0 | T14: Generic | U14: 70 | X14: Lot A | Y14: Lot A | Z14: Lot A | AA14: Lot A | AB14: Lot A | AC14: Lot A | AD14: Lot A
A15: Kimoto | B15: 0.23 | C15: 1.3 | D15: 0.1667 | E15: 0.3333 | F15: 0.5 | G15: 0 | H15: 0.222 | I15: 0.333 | J15: 0.444 | K15: 0 | L15: 0.95 | M15: 1.25 | N15: 1.45 | O15: 0 | P15: 0.08 | Q15: 0.35 | R15: 1.1 | S15: 0 | T15: Yamadanishiki | U15: 70 | X15: Lot A | Y15: Lot A | Z15: Lot A | AA15: Lot A | AB15: Lot A | AC15: Lot A | AD15: Lot A
... A40: Test: Hachioji_1878 | B40: 0.1 | C40: 1.28 | D40: 0 | E40: 0 | F40: 1 | G40: 0 | H40: 0.21 | I40: 0.26 | J40: 0.53 | K40: 0 | L40: 0 | M40: 0 | N40: 1.28 | O40: 0 | P40: 0.075 | Q40: 0 | R40: 0 | S40: 0 | T40: Generic | U40: 70 | X40: Lot A | Y40: Lot A | Z40: Lot A | AA40: Lot A | AB40: Lot A | AC40: Lot A | AD40: Lot A
A41: Yondan_Rice | B41: 0.22 | C41: 1.3 | D41: 0.15 | E41: 0.3 | F41: 0.45 | G41: 0.1 | H41: 0.2 | I41: 0.3 | J41: 0.4 | K41: 0.1 | L41: 0.15 | M41: 0.3 | N41: 0.45 | O41: 0.1 | P41: 0.07 | Q41: 0.3 | R41: 1.2 | S41: 0
A42: Yondan_Sweet | B42: 0.22 | C42: 1.3 | D42: 0.14 | E42: 0.28 | F42: 0.43 | G42: 0.15 | H42: 0.2 | I42: 0.3 | J42: 0.4 | K42: 0.1 | L42: 0.14 | M42: 0.28 | N42: 0.43 | O42: 0.15 | P42: 0.07 | Q42: 0.3 | R42: 1.2 | S42: 0
A43: Bodaimoto_Yondan | B43: 0.35 | C43: 1.2 | D43: 0.15 | E43: 0.28 | F43: 0.45 | G43: 0.12 | H43: 0.2 | I43: 0.28 | J43: 0.4 | K43: 0.12 | L43: 0.15 | M43: 0.28 | N43: 0.45 | O43: 0.12 | P43: 0.08 | Q43: 0.4 | R43: 1.3 | S43: 0.4

Sheet _Constants
A1: Constant | B1: Value | C1: Notes | D1: Toji notes
A2: Mash density (kg/L) | B2: 0.95 | C2: Mass/volume for moromi | D2: Good starting density; expect moromi to lighten over time. Adjust if Brix/ABV profile drifts.
A3: Fune yield fraction | B3: 0.63 | C3: Press efficiency | D3: Middle-of-the-road press yield. Track actual fune results by rice, polish, and pressure, then tune.
A4: Headspace factor | B4: 1.3 | C4: 1.30 = 30% headspace | D4: 30% headspace is safe for kimoto/mizumoto and high-foam yeast. Only reduce if foam is clearly under control.
A5: Tank volume (L) | B5: 30 | C5: Working volume input on Recipe | D5: Default tank used for examples; normally choose tank size per batch on Recipe, not by changing this constant.
A6: Ueda post-steam moisture | B6: 0.42 | D6: Textbook post-steam moisture; confirm by feel and scale for each rice lot rather than trusting only this number.
A7: Ueda pre-inoc moisture | B7: 0.3 | D7: Standard pre-inoc dryness. If koji runs too hot, lower this; if it stalls, allow slightly higher moisture.
A8: Tray capacity pre-inoc (kg) | B8: 1.5 | C8: Max per tray at shallow bed depth | D8: Max steamed rice per tray at shallow bed depth. Reduce load if trays feel hot or uneven in the center.
A9: Amazake pass threshold (°Bé) | B9: 6 | D9: Minimum enzyme strength target. Still pass judgment by aroma and flavor, not °Bé alone.
A10: Yeast pitch rate (M cells/mL) | B10: 10 | D10: Modern sokujo pitch rate. For kimoto/mizumoto, prioritize moto health and progression over exact counts.
A11: Dry yeast cells per g | B11: 10000000000 | D11: Based on typical dried yeast specs. Override with supplier’s data if they publish cell counts.
A12: Liquid yeast cells per mL | B12: 100000000 | D12: Generic liquid culture density; use lab or supplier numbers when available.
A13: Liquid yeast pouch volume (mL) | B13: 100 | D13: Default pouch volume; set to your actual packaging or lab flask size.
A14: Moto % of total rice (default) | B14: 0.07 | C14: Traditional moto is 6-8% of total rice | D14: Use preset-specific values from Baselines; this is fallback only.
A15: Bodaimoto raw rice ratio | B15: 0.7 | C15: Raw rice as % of moto rice for bodaimoto | D15: Traditional Nara bodaimoto uses 70% raw rice; adjust per brewery method.
A16: Dekoji buai | B16: 0.16 | C16: Finished koji weight gain (16% typical, range 14-17%)
A17: NRIB yield (L/kg) | B17: 1.8
A18: Genshu ABV (%) | B18: 18.2

Sheet _MotoConfig
A1: Moto Type | B1: Description | C1: Moto % of Total | D1: Koji % of Moto | E1: Water % of Moto | F1: Raw Rice % | G1: Steamed Rice % | H1: Lactic Source | I1: Days | J1: Notes
A2: Sokujo | B2: Fast method - lactic acid added at start | C2: 0.06 | D2: 0.33 | E2: 1.2 | F2: 0 | G2: 1 | H2: Added lactic acid | I2: 7-10 | J2: Modern standard; clean, efficient | K2: 10
A3: Kimoto | B3: Traditional with yamaoroshi pole mashing | C3: 0.07 | D3: 0.31 | E3: 1.08 | F3: 0 | G3: 1 | H3: Natural LAB | I3: 25-30 | J3: Labor intensive; rich umami, higher acid | K3: 7
A4: Yamahai | B4: Traditional without yamaoroshi | C4: 0.07 | D4: 0.31 | E4: 1.08 | F4: 0 | G4: 1 | H4: Natural LAB | I4: 25-30 | J4: Simpler than kimoto; gamey, complex | K4: 7
A5: Bodaimoto (Nara) | B5: Ancient method with raw rice soyashi | C5: 0.07 | D5: 0.4 | E5: 1.3 | F5: 0.7 | G5: 0.3 | H5: Soyashi mizu (LAB) | I5: 14-21 | J5: Raw rice creates acidic water first | K5: 8
A6: Mizumoto (Okayama) | B6: Variant using koji for soyashi | C6: 0.06 | D6: 0.45 | E6: 1.4 | F6: 0 | G6: 1 | H6: Koji soyashi | I6: 14-21 | J6: Uses koji instead of raw rice for soyashi | K6: 6
A7: Kō-on Tōka | B7: High-temp saccharification variant | C7: 0.06 | D7: 0.35 | E7: 1.2 | F7: 0 | G7: 1 | H7: Added + heat | I7: 7-10 | J7: 55°C saccharification before cooling | K7: 9
A8: Short Kimoto | B8: Accelerated kimoto-style | C8: 0.07 | D8: 0.33 | E8: 1.15 | F8: 0 | G8: 1 | H8: Natural LAB | I8: 14-18 | J8: Faster than traditional; compromise style | K8: 7
A9: Yogurt Sokujo | B9: Yogurt-based lactic starter | C9: 0.06 | D9: 0.33 | E9: 1.2 | F9: 0 | G9: 1 | H9: Yogurt LAB | I9: 10-14 | J9: Modern homebrew adaptation | K9: 10
A10: 1878 Tokyo | B10: Historical Tokyo brewery method | C10: 0.087 | D10: 0.31 | E10: 1.08 | F10: 0 | G10: 1 | H10: Natural LAB | I10: 18-25 | J10: From 1878 Manufacture of Sake | K10: 7
A11: 1878 Nagareyama | B11: Historical high-moto method | C11: 0.099 | D11: 0.33 | E11: 1.1 | F11: 0 | G11: 1 | H11: Natural LAB | I11: 18-25 | J11: Highest moto% in 1878 records | K11: 7
A12: Usage Notes:
A13: • Raw Rice % + Steamed Rice % should equal 100% for bodaimoto types
A14: • For standard methods (Sokujo, Kimoto, Yamahai), Raw Rice = 0%, Steamed Rice = 100%
A15: • Koji % refers to koji as percentage of total moto rice weight
A16: • Water % refers to water as percentage of total moto rice weight
A17: • These values are reference defaults; adjust per your recipe/preset in Baselines
A18: Bodaimoto | B18: Ancient Nara method, raw rice soyashimizu | C18: 0.07 | D18: 0.33 | E18: 1.1 | F18: 0.2 | G18: 0.8 | H18: Natural | I18: 14 | J18: Traditional lactobacillus fermentation | K18: 8
A19: Mizumoto | B19: 600+ year ancient method | C19: 0.07 | D19: 0.33 | E19: 1.1 | F19: 0 | G19: 1 | H19: Natural | I19: 100 | J19: Ultra-traditional wild fermentation | K19: 6
A20: Kō-on Tōka | B20: High-temp saccharification variant | C20: 0.06 | D20: 0.35 | E20: 1.2 | G20: 1 | H20: Added + heat | I20: 5-7
A21: Doburoku (No Moto) | B21: All ingredients at once, no starter | C21: 0 | D21: 0.2 | E21: 1.3 | G21: 1 | H21: Added lactic | I21: 7-10
A22: Direct Pitch | B22: No moto, yeast direct to moromi | C22: 0 | D22: 0.2 | E22: 1.3 | G22: 1 | H22: Added lactic | I22: 0

Sheet _Lookups
A1: MotoTypes | B1: KojiStrains | C1: KojiMoldType | D1: MotoTypeKey | E1: MotoDescription | F1: AcidTypes | G1: Concentration | H1: mL per 100L water | I1: KojiStyles | J1: LiquidYeastCells | K1: Vessels | L1: Liters | M1: RiceVarieties | N1: KojiStyles | P1: RiceVariety | Q1: G_TP | R1: P_TP | S1: G_P | T1: CrudeProtein90 | U1: Digestibility | V1: KojiMoldType | W1: CitricFactor | X1: KojiMoldDesc | AA1: WaterProfile | AB1: Ca | AC1: Mg | AD1: PastGoal | AE1: PastPackage | AF1: PastMethod | AG1: PastCooling | AH1: HiireStrategy | AI1: StorageIntent | AJ1: StorageTemp | AN1: SrcK | AO1: SrcNa | AP1: SrcCl | AQ1: SrcSO4 | AR1: SrcPO4 | AS1: SrcHardness | AT1: SrcFe | AU1: SrcMn | AV1: SrcpH | AW1: ChamberTemp | AX1: KirikaeshiHr | AY1: MoriHr | AZ1: NakaHr | BA1: ShimaiHr | BB1: DekojiHr | BD1: Step# | BE1: Futa_Step | BF1: Futa_Hours | BG1: Futa_Temp | BH1: Futa_Target | BI1: Futa_WeightCalc | BJ1: Step# | BK1: Hako_Step | BL1: Hako_Hours | BM1: Hako_Temp | BN1: Hako_Target | BO1: Hako_WeightCalc | BP1: Step# | BQ1: Ueda_Step | BR1: Ueda_Hours | BS1: Ueda_Temp | BT1: Ueda_Target | BU1: Ueda_WeightCalc | BV1: Step# | BW1: Machine_Step | BX1: Machine_Hours | BY1: Machine_Temp | BZ1: Machine_Target | CA1: Machine_WeightCalc | CB1: MethodMap | CC1: StepCol | CD1: HourCol | CE1: TempCol | CF1: TargetCol | CG1: WeightCol | CH1: Press Method | CI1: Efficiency | CJ1: Step | CK1: Time | CL1: Temp | CM1: pH | CN1: Target | CO1: Step | CP1: Time | CQ1: Temp | CR1: pH | CS1: Target | CT1: Step | CU1: Time | CV1: Temp | CW1: pH | CX1: Target | CY1: Step | CZ1: Time | DA1: Temp | DB1: pH | DC1: Target | DD1: MotoMethodMap | DE1: StepCol | DF1: HourCol | DG1: TempCol | DH1: pHCol | DI1: TargetCol | DJ1: Step | DK1: Time | DL1: Temp | DM1: pH | DN1: Target | DO1: Step | DP1: Time | DQ1: Temp | DR1: pH | DS1: Target | DT1: Step | DU1: Time | DV1: Temp | DW1: pH | DX1: Target | EA1: MoromiMethodMap | EB1: StepCol | EC1: TimeCol | ED1: TempCol | EE1: FoamCol | EF1: TargetCol | EG1: Step | EH1: Time | EI1: Temp | EJ1: Foam | EK1: Target | EM1: Step | EN1: Time | EO1: Temp | EP1: Foam | EQ1: Target | ES1: Step | ET1: Time | EU1: Temp | EV1: Foam | EW1: Target | EX1: PolishRatios | EY1: Step | EZ1: Time | FA1: Temp | FB1: Foam | FC1: Target
A2: Select ▽ | B2: Select | F2: Select | G2: Select | H2: 0 | I2: Select | M2: Select | P2: Select | V2: Select | W2: 0 | AA2: Select | AD2: Select | AE2: Select | AF2: Select | AG2: Select | AH2: Select | AI2: Select | AJ2: Select | BD2: 1 | BE2: Wash rice | BF2: -24 | BG2: Ambient | BH2: Remove bran | BJ2: 1 | BK2: Wash rice | BL2: -24 | BM2: Ambient | BN2: Remove bran | BP2: 1 | BQ2: Wash rice | BR2: -24 | BS2: Ambient | BT2: Remove bran | BV2: 1 | BW2: Wash rice | BX2: -24 | BY2: Ambient | BZ2: Remove bran | CB2: Select | CH2: Select | CJ2: Mix ingredients | CK2: Start | CL2: 12°C | CM2: 6.0-6.5 | CN2: Combine koji, rice, water, acid | CO2: Temoto (pre-mix) | CP2: Start | CQ2: 5-6°C | CR2: 6.0-6.5 | CS2: Divide into hangiri tubs | CT2: Mix ingredients | CU2: Start | CV2: 12-15°C | CW2: 6.0-6.5 | CX2: Combine, extra water | CY2: Soak raw rice | CZ2: Start | DA2: 20-25°C | DB2: 6.5-6.0 | DC2: Raw rice in water | DD2: Select | DJ2: Yamaoroshi (mix) | DK2: Start | DL2: 30-40°C | DM2: 6.0-5.5 | DN2: Homogenize rice/koji | DO2: Combine all | DP2: Start | DQ2: 20-25°C | DR2: 6.0-6.5 | DS2: Rice, koji, water, yeast | DT2: Build moromi | DU2: Start | DV2: 12-15°C | DW2: 4.0-4.5 | DX2: Add acid to water | EA2: Select | EG2: Soe (1st addition) | EH2: Day 0 | EI2: 10-12°C | EJ2: - | EK2: Add moto + rice + koji + water | EM2: Soe (1st addition) | EN2: Day 0 | EO2: 8-10°C | EP2: - | EQ2: Add moto + rice + koji + water | ES2: Soe (1st addition) | ET2: Day 0 | EU2: 6-8°C | EV2: - | EW2: Cold start, small addition | EX2: Select | EY2: Soe (1st addition) | EZ2: Day 0 | FA2: 14-16°C | FB2: - | FC2: Warm start
A3: Sokujo (lactic acid) | B3: Higuchi Kaori (Yellow) | C3: Yellow | F3: Natural | G3: Natural lactic acid generation | I3: Select | J3: Select | K3: Select | L3: 0 | M3: Yamadanishiki | N3: Select | P3: Yamadanishiki | Q3: 0.45 | R3: 0.2 | S3: 2.25 | T3: 6.5 | U3: King of sake rice - low protein, high glutelin, large shinpaku | V3: Yellow | W3: 1 | X3: Negligible citric acid, standard sake | AA3: Ginjo/Daiginjo (soft) | AB3: 10 | AC3: 3 | AD3: Yeast only (60°C) | AE3: 720mL bottle | AF3: Water bath | AG3: Ice bath | AH3: Twice pasteurized | AI3: Ship immediately | AJ3: Refrigerated (5C) | AN3: 20 | AO3: 32 | AP3: 32 | AQ3: 24 | AR3: 5 | AS3: 130 | AT3: 0.003 | AU3: 0.006 | AV3: 7.2 | AW3: 32-35°C | AX3: 12 | AY3: 21 | AZ3: 28 | BA3: 36 | BB3: 48 | BD3: 2 | BE3: Soak rice | BF3: -4 | BG3: 10-15°C | BH3: Absorb 28-32% | BI3: Dry × 1.30 | BJ3: 2 | BK3: Soak rice | BL3: -4 | BM3: 10-15°C | BN3: Absorb 28-32% | BO3: Dry × 1.30 | BP3: 2 | BQ3: Soak rice | BR3: -4 | BS3: 10-15°C | BT3: Absorb 28-32% | BU3: Dry × 1.30 | BV3: 2 | BW3: Soak rice | BX3: -4 | BY3: 10-15°C | BZ3: Absorb 28-32% | CA3: Dry × 1.30 | CB3: Futa-koji (Tray) | CC3: 57 | CD3: 58 | CE3: 59 | CF3: 60 | CG3: 61 | CH3: Select ▽ | CJ3: Daki (warm) | CK3: +12 hrs | CL3: 15-18°C | CM3: 5.5-6.0 | CN3: Warm slowly, enzymes active | CO3: Yamaoroshi Day 1 | CP3: Day 1 | CQ3: 5-6°C | CR3: 6.0-5.8 | CS3: Pole grind every 2-4 hrs | CT3: Cold hold start | CU3: Day 1 | CV3: 8-10°C | CW3: 5.8-5.5 | CX3: Begin cold phase | CY3: Soyashi Day 3 | CZ3: Day 3 | DA3: 20-25°C | DB3: 5.5-5.0 | DC3: LAB developing | DD3: Sokujo | DE3: 88 | DF3: 89 | DG3: 90 | DH3: 91 | DI3: 92 | DJ3: Kō-on Tōka | DK3: +2 hrs | DL3: 55°C | DM3: 5.5-6.0 | DN3: High temp 6-8 hrs | DO3: Initial ferment | DP3: Day 1 | DQ3: 18-22°C | DR3: 5.5-5.0 | DS3: Fermentation begins | DT3: Add rice/koji | DU3: +2 hrs | DV3: 12-15°C | DW3: 4.0-4.5 | DX3: Standard moromi build | EA3: Standard (20-25 days) | EB3: 137 | EC3: 138 | ED3: 139 | EE3: 140 | EF3: 141 | EG3: Odori (rest) | EH3: Day 1 | EI3: 10-12°C | EJ3: - | EK3: No addition, let yeast adjust | EM3: Odori (rest) | EN3: Day 1 | EO3: 8-10°C | EP3: - | EQ3: No addition, yeast adjust | ES3: Odori (rest) | ET3: Day 1 | EU3: 6-8°C | EV3: - | EW3: Extended rest | EX3: 35 | EY3: Odori (rest) | EZ3: Day 1 | FA3: 14-16°C | FB3: - | FC3: Short rest
A4: Kimoto | B4: Higuchi Ginjo #7 (Yellow) | C4: Yellow | D4: Sokujo | E4: Fast method - lactic acid added | F4: Select | G4: 75% | H4: 650-700 | I4: Tsuki-haze (Spotty) | J4: 10B cells/mL (Wyeast) | K4: 5 gal bucket | L4: 19 | M4: Gohyakumangoku | N4: Tsuki-haze (Ginjo) | P4: Gohyakumangoku | Q4: 0.5 | R4: 0.21 | S4: 2.38 | T4: 7.2 | U4: Clean, light style - highest glutelin release | V4: White | W4: 5.1 | X4: High citric acid, fresh/tart character | AA4: Junmai (medium) | AB4: 25 | AC4: 5 | AD4: Standard hi-ire (65°C) | AE4: 1.8L bottle | AF4: Sous vide | AG4: Cold water | AH4: Once before storage | AI4: Store 1-3 months | AJ4: Cool cellar (10-15C) | AN4: 12 | AO4: 20 | AP4: 20 | AQ4: 15 | AR4: 4 | AS4: 75 | AT4: 0.006 | AU4: 0.01 | AV4: 7.2 | AW4: 32-35°C | AX4: 14 | AY4: 20 | AZ4: 26 | BA4: 34 | BB4: 44 | BD4: 3 | BE4: Drain rice | BF4: -2 | BG4: Ambient | BH4: Surface dry | BJ4: 3 | BK4: Drain rice | BL4: -2 | BM4: Ambient | BN4: Surface dry | BP4: 3 | BQ4: Drain rice | BR4: -2 | BS4: Ambient | BT4: Surface dry | BV4: 3 | BW4: Drain rice | BX4: -2 | BY4: Ambient | BZ4: Surface dry | CB4: Hako-koji (Box) | CC4: 63 | CD4: 64 | CE4: 65 | CF4: 66 | CG4: 67 | CH4: Shizuku (drip) | CI4: 0.55 | CJ4: Uto (cold hold) | CK4: Day 2 | CL4: 8-10°C | CM4: 4.5-5.0 | CN4: Low temp acid development | CO4: Yamaoroshi Day 2 | CP4: Day 2 | CQ4: 5-6°C | CR4: 5.8-5.5 | CS4: Continue grinding | CT4: LAB development | CU4: Day 7 | CV4: 10-12°C | CW4: 5.0-4.5 | CX4: Natural LAB grows | CY4: Soyashi Day 7 | CZ4: Day 7 | DA4: 20-25°C | DB4: 4.5-4.0 | DC4: Active ferment | DD4: Kimoto | DE4: 93 | DF4: 94 | DG4: 95 | DH4: 96 | DI4: 97 | DJ4: Cool down | DK4: +10 hrs | DL4: 10-15°C | DM4: 5.0-5.5 | DN4: Rapid cooling | DO4: Active phase | DP4: Day 3 | DQ4: 18-22°C | DR4: 4.5-4.0 | DS4: Strong bubbling | DT4: Pitch yeast | DU4: +4 hrs | DV4: 12-15°C | DW4: 4.0-4.5 | DX4: High pitch rate | EA4: Ginjo (25-35 days) | EB4: 143 | EC4: 144 | ED4: 145 | EE4: 146 | EF4: 147 | EG4: Naka (2nd addition) | EH4: Day 2 | EI4: 10-12°C | EJ4: - | EK4: Double the volume | EM4: Naka (2nd addition) | EN4: Day 2 | EO4: 8-10°C | EP4: - | EQ4: Double the volume | ES4: Naka (2nd addition) | ET4: Day 2 | EU4: 6-8°C | EV4: - | EW4: Careful addition | EX4: 40 | EY4: Naka (2nd addition) | EZ4: Day 2 | FA4: 14-16°C | FB4: - | FC4: Add volume
A5: Yamahai | B5: Higuchi Sake Neutral (Yellow) | C5: Yellow | D5: Kimoto | E5: Traditional with yamaoroshi | F5: Lactic acid (75%) | G5: 85% | H5: 573-616 | I5: Sou-haze (Standard) | J5: 6B cells/mL (White Labs) | K5: 6 gal bucket | L5: 23 | M5: Omachi | N5: Sou-haze (Standard) | P5: Omachi | Q5: 0.44 | R5: 0.2 | S5: 2.2 | T5: 6.8 | U5: Heritage (1859) - rich, complex, earthy character | V5: Black | W5: 6 | X5: Highest citric acid, bold flavor | AA5: Kimoto/Yamahai (hard) | AB5: 37 | AC5: 6 | AD5: Full stability (65°C 2x) | AE5: 750mL bottle | AF5: Hot fill | AG5: Air cooling | AH5: Once before bottling | AI5: Store 6+ months | AJ5: Ambient | AN5: 4 | AO5: 5 | AP5: 5 | AQ5: 5 | AR5: 1 | AS5: 30 | AT5: 0.01 | AU5: 0.01 | AV5: 7.2 | AW5: 32°C | AX5: 0 | AY5: 18 | AZ5: 26 | BA5: 32 | BB5: 50 | BD5: 4 | BE5: Steam rice | BF5: 0 | BG5: 100°C | BH5: Hineri-mochi | BI5: Dry × 1.40 | BJ5: 4 | BK5: Steam rice | BL5: 0 | BM5: 100°C | BN5: Hineri-mochi | BO5: Dry × 1.40 | BP5: 4 | BQ5: Steam rice | BR5: 0 | BS5: 100°C | BT5: Hineri-mochi | BU5: Dry × 1.40 | BV5: 4 | BW5: Steam rice (cont.) | BX5: 0 | BY5: 100°C | BZ5: Auto-steam | CA5: Dry × 1.40 | CB5: Ueda (Tarai) | CC5: 69 | CD5: 70 | CE5: 71 | CF5: 72 | CG5: 73 | CH5: Fune (gentle) | CI5: 0.63 | CJ5: Yeast pitch | CK5: Day 3 | CL5: 12-15°C | CM5: 4.0-4.5 | CN5: Add hydrated yeast | CO5: Yamaoroshi Day 3 | CP5: Day 3 | CQ5: 5-6°C | CR5: 5.5-5.2 | CS5: Final grind, combine | CT5: Mid-ferment | CU5: Day 14 | CV5: 12-15°C | CW5: 4.5-4.0 | CX5: Acid accumulating | CY5: Soyashi complete | CZ5: Day 10 | DA5: 20-25°C | DB5: 3.5-4.0 | DC5: Target pH reached | DD5: Yamahai | DE5: 98 | DF5: 99 | DG5: 100 | DH5: 101 | DI5: 102 | DJ5: Tennen Kōbo | DK5: Day 1 | DL5: 10-15°C | DM5: 5.0-4.2 | DN5: LAB & wild yeast | DO5: Peak | DP5: Day 5 | DQ5: 18-22°C | DR5: <4.0 | DS5: Maximum activity | DT5: Fermentation | DU5: Day 2 | DV5: 15-18°C | DW5: <4.0 | DX5: Monitor closely | EA5: Daiginjo (30-40 days) | EB5: 149 | EC5: 150 | ED5: 151 | EE5: 152 | EF5: 153 | EG5: Tome (3rd addition) | EH5: Day 3 | EI5: 10-12°C | EJ5: - | EK5: Final addition | EM5: Tome (3rd addition) | EN5: Day 3 | EO5: 8-10°C | EP5: - | EQ5: Final addition | ES5: Tome (3rd addition) | ET5: Day 3 | EU5: 6-8°C | EV5: - | EW5: Final addition | EX5: 45 | EY5: Tome (3rd addition) | EZ5: Day 3 | FA5: 14-16°C | FB5: - | FC5: Final addition
A6: Mizumoto | B6: Higuchi Mirin-type (Yellow) | C6: Yellow | D6: Yamahai | E6: Traditional without yamaoroshi | F6: Lactic acid (85%) | G6: 88% | H6: 554-596 | I6: Tsuki-haze (Ginjo) | J6: 8B cells/mL (Generic) | K6: 7 gal bucket | L6: 26 | M6: Miyamanishiki | N6: Ueda Method | P6: Miyamanishiki | Q6: 0.43 | R6: 0.2 | S6: 2.15 | T6: 7 | U6: Cold-climate variety - crisp, clean finish | X6: 30 | AA6: Tanrei Karakuchi (Niigata) | AB6: 8 | AC6: 2 | AE6: 500mL bottle | AF6: Tunnel pasteurizer | AG6: Plate heat exchanger | AH6: Unpasteurized | AI6: Age 1+ years | AJ6: Warm (20-25C) | AN6: 3 | AO6: 3 | AP6: 3 | AQ6: 3 | AR6: 1 | AS6: 18 | AT6: 0.01 | AU6: 0.01 | AV6: 7.2 | AW6: 32°C | AX6: 0 | AY6: 16 | AZ6: 24 | BA6: 30 | BB6: 44 | BD6: 5 | BE6: Cool (hiki-komi) | BF6: 1 | BG6: 35-38°C | BH6: Cool to 35°C | BJ6: 5 | BK6: Cool (hiki-komi) | BL6: 1 | BM6: 35-38°C | BN6: Cool to 35°C | BP6: 5 | BQ6: DRY DOWN (hiki-komi) | BR6: 1 | BS6: 40°C/<50%RH | BT6: To 28-31% moisture | BU6: Steamed × 0.85 | BV6: 5 | BW6: Cool & inoculate | BX6: 1 | BY6: 32-35°C | BZ6: Auto-inoculate | CB6: Ueda Fast | CC6: 69 | CD6: 70 | CE6: 71 | CF6: 72 | CG6: 73 | CH6: Fune (standard) | CI6: 0.68 | CJ6: Active ferment | CK6: Day 5 | CL6: 15-18°C | CM6: <4.0 | CN6: Bubbling, yeast growth | CO6: Dakidaru start | CP6: Day 4 | CQ6: 8-10°C | CR6: 5.0-4.8 | CS6: Begin warming phase | CT6: Yeast emerges | CU6: Day 20 | CV6: 15-18°C | CW6: 4.0-3.8 | CX6: Wild/added yeast | CY6: Separate & steam | CZ6: Day 10+ | DA6: 100°C | DB6: - | DC6: Steam the soaked rice | DD6: Bodaimoto (Nara) | DE6: 103 | DF6: 104 | DG6: 105 | DH6: 106 | DI6: 107 | DJ6: Yūtsuki | DK6: Day 3 | DL6: 15-20°C | DM6: 4.2-4.0 | DN6: Yeast ramp up | DO6: Slow down | DP6: Day 7 | DQ6: 15-18°C | DR6: <3.8 | DS6: Fermentation slowing | DT6: Continue | DU6: Day 5 | DV6: 12-15°C | DW6: <3.8 | DX6: Standard moromi temps | EA6: Quick (14-20 days) | EB6: 155 | EC6: 156 | ED6: 157 | EE6: 158 | EF6: 159 | EG6: Suji-awa | EH6: Day 4-5 | EI6: 10-12°C | EJ6: Muscle | EK6: Small striations appear | EM6: Suji-awa | EN6: Day 5-7 | EO6: 8-10°C | EP6: Muscle | EQ6: Slow start, striations | ES6: Suji-awa | ET6: Day 6-9 | EU6: 6-8°C | EV6: Muscle | EW6: Very slow start | EX6: 50 | EY6: Suji-awa | EZ6: Day 4 | FA6: 14-16°C | FB6: Muscle | FC6: Quick start
A7: Bodaimoto | B7: Higuchi Shoyu-type (Yellow) | C7: Yellow | D7: Bodaimoto | E7: Ancient method with soyashi mizu | F7: Lactic acid (88%) | G7: 90% | H7: 542-583 | I7: Haze-otoshi (Post-growth) | J7: Soyashi water | K7: 10 gal bucket | L7: 38 | M7: Hattannishiki | N7: High-Enzyme (Moto) | P7: Hattannishiki | Q7: 0.42 | R7: 0.21 | S7: 2 | T7: 7.2 | U7: Hiroshima specialty - soft water brewing | X7: 0 | AA7: Miyamizu Style (Nada) | AB7: 37 | AC7: 6 | AE7: 300mL bottle | AF7: Plate heat exchanger | AI7: Long-term aging | AN7: 5 | AO7: 8 | AP7: 8 | AQ7: 6 | AR7: 2 | AS7: 50 | AT7: 0.01 | AU7: 0.01 | AV7: 7.2 | AW7: 30-32°C | AX7: 10 | AY7: 16 | AZ7: 22 | BA7: 30 | BB7: 40 | BD7: 6 | BE7: Tane-tsuke (inoc) | BF7: 2 | BG7: 32-35°C | BH7: Even spores | BJ7: 6 | BK7: Tane-tsuke (inoc) | BL7: 2 | BM7: 32-35°C | BN7: Even spores | BP7: 6 | BQ7: Tane-tsuke (inoc) | BR7: 2 | BS7: 32°C | BT7: Even spores | BV7: 6 | BW7: Kirikaeshi (auto) | BX7: 10 | BY7: 32-34°C | BZ7: Auto-mix | CB7: Machine (Kikai) | CC7: 75 | CD7: 76 | CE7: 77 | CF7: 78 | CG7: 79 | CH7: Fune (aggressive) | CI7: 0.73 | CJ7: Peak activity | CK7: Day 7 | CL7: 15-18°C | CM7: <3.8 | CN7: Maximum CO2 | CO7: Dakidaru mid | CP7: Day 7 | CQ7: 12-15°C | CR7: 4.5-4.2 | CS7: Zigzag temp pattern | CT7: Active ferment | CU7: Day 23 | CV7: 18-20°C | CW7: 3.8-3.5 | CX7: Yeast dominates | CY7: Combine moto | CZ7: Day 10+ | DA7: 25-28°C | DB7: 3.5-4.0 | DC7: Add koji (40%), soyashi | DD7: Mizumoto (Okayama) | DE7: 103 | DF7: 104 | DG7: 105 | DH7: 106 | DI7: 107 | DJ7: Yūtsukiyasumi | DK7: Day 5 | DL7: 20°C | DM7: ~4.0 | DN7: Rest, self-heating | DO7: Complete | DP7: Day 10 | DQ7: 12-15°C | DR7: <3.5 | DS7: Ready (sweet, low ABV) | EA7: Kimoto moromi | EB7: 137 | EC7: 138 | ED7: 139 | EE7: 140 | EF7: 141 | EG7: Mizu-awa | EH7: Day 6-7 | EI7: 12-14°C | EJ7: Water | EK7: Light white froth | EM7: Mizu-awa | EN7: Day 8-10 | EO7: 10-12°C | EP7: Water | EQ7: Light froth forming | ES7: Mizu-awa | ET7: Day 10-14 | EU7: 8-10°C | EV7: Water | EW7: Delicate froth | EX7: 55 | EY7: Mizu-awa | EZ7: Day 5-6 | FA7: 15-17°C | FB7: Water | FC7: Rapid foam
A8: Sokujo (lactic acid) | B8: Higuchi HO Shochu (White) | C8: White | D8: Mizumoto_Koji | E8: Okayama style with koji soyashi | F8: Lactic acid (90%) | G8: 85% | H8: See notes | I8: Tomo-haze (Dense) | J8: Koji soyashi | K8: 15 gal barrel | L8: 57 | M8: Dewasansan | N8: Quick Sou-haze | P8: Dewasansan | Q8: 0.42 | R8: 0.21 | S8: 2 | T8: 7.5 | U8: Yamagata breed - aromatic ginjo style | AA8: Fushimi Style (Kyoto) | AB8: 25 | AC8: 3 | AE8: 180mL cup | AF8: Jakan coil | AN8: 8 | AO8: 10 | AP8: 10 | AQ8: 8 | AR8: 3 | AS8: 60 | AT8: 0.01 | AU8: 0.01 | AV8: 7.2 | BD8: 7 | BE8: Wrap & rest | BF8: 6 | BG8: 32-34°C | BH8: Germination | BJ8: 7 | BK8: Kirikaeshi (1st mix) | BL8: 14 | BM8: 32-34°C | BN8: Break clumps | BP8: 7 | BQ8: To tubs + lid | BR8: 3 | BS8: 32°C | BT8: Loose lid on | BV8: 7 | BW8: Naka-shigoto (auto) | BX8: 22 | BY8: 35-38°C | BZ8: Auto-furrow | CB8: 0.95 | CH8: Yabuta (machine) | CI8: 0.9 | CJ8: Slow down | CK8: Day 9 | CL8: 12-15°C | CM8: <3.6 | CN8: Reduce temp | CO8: Dakidaru end | CP8: Day 14 | CQ8: 18-20°C | CR8: 4.0-3.8 | CS8: Near target temp | CT8: Slow down | CU8: Day 26 | CV8: 15-18°C | CW8: <3.5 | CX8: Reduce activity | CY8: Moto ferment | CZ8: Day 14 | DA8: 20-25°C | DB8: 3.8-3.5 | DC8: Yeast developing | DD8: Kō-on Tōka | DE8: 114 | DF8: 115 | DG8: 116 | DH8: 117 | DI8: 118 | DJ8: Extended Hakkō | DK8: Day 6 | DL8: 15-18°C | DM8: 3.8-4.0 | DN8: Flavor development | EA8: Bodaimoto moromi | EB8: 155 | EC8: 156 | ED8: 157 | EE8: 158 | EF8: 159 | EG8: Iwa-awa | EH8: Day 8-10 | EI8: 14-16°C | EJ8: Rock | EK8: Most active, rocky foam | EM8: Iwa-awa | EN8: Day 11-14 | EO8: 12-14°C | EP8: Rock | EQ8: Active but controlled | ES8: Iwa-awa | ET8: Day 15-20 | EU8: 10-12°C | EV8: Rock | EW8: Controlled activity | EX8: 60 | EY8: Iwa-awa | EZ8: Day 7-9 | FA8: 16-18°C | FB8: Rock | FC8: Very active
A9: Sokujo (yogurt-based) | B9: Akita Konno A-1 (Yellow) | C9: Yellow | D9: Koon_Toka | E9: High-temp saccharification | F9: Phosphoric acid (85%) | G9: 100% | H9: 4g per 590mL | J9: Added | K9: 30L tank | L9: 30 | M9: Kame no O | P9: Kame no O | Q9: 0.43 | R9: 0.2 | S9: 2.15 | T9: 7 | U9: Ancient variety (1893) - complex, layered | AA9: Hiroshima Style (soft) | AB9: 10 | AC9: 2 | AE9: 350mL can | AF9: Jacketed tank | AN9: 0 | AO9: 1 | AP9: 2 | AQ9: 2 | AR9: 0 | AS9: 8 | AT9: 0 | AU9: 0.02 | AV9: 8.5 | BD9: 8 | BE9: Kirikaeshi (1st mix) | BF9: 12 | BG9: 32-34°C | BH9: Break clumps | BJ9: 8 | BK9: Mori (to boxes) | BL9: 20 | BM9: 33-35°C | BN9: 15kg per box | BP9: 8 | BQ9: Mori (spread in tub) | BR9: 18 | BS9: 33-35°C | BT9: 15kg per tub | BV9: 8 | BW9: Shimai-shigoto (auto) | BX9: 30 | BY9: 38-42°C | BZ9: Auto-control | CH9: Commercial | CI9: 0.95 | CJ9: Moto ready | CK9: Day 10 | CL9: 10-12°C | CM9: <3.5 | CN9: Strong yeast, ready for Soe | CO9: Yeast pitch | CP9: Day 15 | CQ9: 20°C | CR9: 3.8-3.6 | CS9: Add yeast (or wild) | CT9: Moto ready | CU9: Day 30 | CV9: 12-15°C | CW9: <3.4 | CX9: Ready for Soe | CY9: Active phase | CZ9: Day 18 | DA9: 20-25°C | DB9: <3.5 | DC9: Strong ferment | DD9: Short Kimoto | DE9: 93 | DF9: 94 | DG9: 95 | DH9: 96 | DI9: 97 | DJ9: Moto ready | DK9: Day 7 | DL9: 12-15°C | DM9: <3.8 | DN9: Ready for Soe | EG9: Taka-awa | EH9: Day 10-12 | EI9: 14-16°C | EJ9: High | EK9: Peak foam, fine bubbles | EM9: Taka-awa | EN9: Day 15-18 | EO9: 12-14°C | EP9: High | EQ9: Peak foam stage | ES9: Taka-awa | ET9: Day 21-25 | EU9: 10-12°C | EV9: High | EW9: Extended peak | EX9: 65 | EY9: Taka-awa | EZ9: Day 10-11 | FA9: 16-18°C | FB9: High | FC9: Peak activity
A10: Short-moto (fast kimoto-style) | B10: Akita Konno A-24 Ginjo (Yellow) | C10: Yellow | F10: Citric acid powder | K10: 50L tank | L10: 50 | M10: Tamazakae | P10: Tamazakae | Q10: 0.44 | R10: 0.2 | S10: 2.2 | T10: 6.9 | U10: Shiga specialty - soft, elegant | V10: PO4 | W10: Na | X10: N | Y10: MaxG/L | AA10: Balanced (general) | AB10: 20 | AC10: 5 | AE10: Keg | AN10: 0 | AO10: 2 | AP10: 3 | AQ10: 5 | AR10: 1 | AS10: 25 | AT10: 0 | AU10: 0.002 | AV10: 8.2 | BD10: 9 | BE10: Mori (to trays) | BF10: 21 | BG10: 33-35°C | BH10: 1.5kg per tray | BJ10: 9 | BK10: Naka-shigoto | BL10: 26 | BM10: 35-38°C | BN10: 10-50% coverage | BP10: 9 | BQ10: Naka-shigoto | BR10: 26 | BS10: 34-36°C | BT10: 10-50% coverage | BV10: 9 | BW10: Dekoji (harvest) | BX10: 40 | BY10: Cool | BZ10: 15-17% moisture | CA10: Dry × 1.15 | CH10: Fune (box press) | CI10: 0.68 | CO10: Wakitsuki | CP10: Day 20 | CQ10: 20°C | CR10: 3.6-3.4 | CS10: Active yeast growth | CY10: Moto ready | CZ10: Day 24 | DA10: 18-20°C | DB10: <3.4 | DC10: Ready for Soe | DD10: Yogurt Sokujo | DE10: 88 | DF10: 89 | DG10: 90 | DH10: 91 | DI10: 92 | EG10: Ochi-awa | EH10: Day 13-15 | EI10: 12-14°C | EJ10: Falling | EK10: Foam receding | EM10: Ochi-awa | EN10: Day 19-22 | EO10: 10-12°C | EP10: Falling | EQ10: Slow decline | ES10: Ochi-awa | ET10: Day 26-30 | EU10: 8-10°C | EV10: Falling | EW10: Gradual decline | EX10: 70 | EY10: Ochi-awa | EZ10: Day 12-14 | FA10: 14-16°C | FB10: Falling | FC10: Rapid decline
A11: Kōon-touka (warm starter) | B11: Akita Konno SP-koji (Yellow) | C11: Yellow | K11: 100L tank | L11: 100 | M11: Hanafubuki | P11: Hanafubuki | Q11: 0.43 | R11: 0.21 | S11: 2.05 | T11: 7.1 | U11: Aomori variety - light, delicate | V11: 0 | W11: 0 | X11: 0 | Y11: 2.5 | AA11: Minimal (RO base) | AB11: 5 | AC11: 2 | AE11: Bulk tank | AN11: 1 | AO11: 5 | AP11: 8 | AQ11: 8 | AR11: 1 | AS11: 40 | AT11: 0.014 | AU11: 0.002 | AV11: 9.2 | BD11: 10 | BE11: Naka-shigoto | BF11: 28 | BG11: 35-38°C | BH11: 10-50% coverage | BJ11: 10 | BK11: Shimai-shigoto | BL11: 34 | BM11: 38-42°C | BN11: Remove lids | BP11: 10 | BQ11: Shimai-shigoto | BR11: 32 | BS11: 38-40°C | BT11: Towels replace lid | CH11: Yabuta (plate press) | CI11: 0.9 | CO11: Maturation | CP11: Day 30 | CQ11: 15-18°C | CR11: <3.4 | CS11: Slow, rest period | DD11: 1878 Tokyo | DE11: 93 | DF11: 94 | DG11: 95 | DH11: 96 | DI11: 97 | EG11: Tama-awa | EH11: Day 16-18 | EI11: 10-12°C | EJ11: Ball | EK11: Soap-like bubbles | EM11: Tama-awa | EN11: Day 23-26 | EO11: 8-10°C | EP11: Ball | EQ11: Gentle finish | ES11: Tama-awa | ET11: Day 31-35 | EU11: 6-8°C | EV11: Ball | EW11: Fine finish | EX11: 75 | EY11: Tama-awa | EZ11: Day 15-16 | FA11: 12-14°C | FB11: Ball | FC11: Finishing
A12: No-moto / kakezukuri | B12: Akita Konno SG Sou-haze (Yellow) | C12: Yellow | K12: 110L tank | L12: 110 | M12: Ginpu | P12: Ginpu | Q12: 0.44 | R12: 0.2 | S12: 2.2 | T12: 6.8 | U12: Hokkaido ginjo rice - cold resistant | V12: 0 | W12: 0 | X12: 0 | Y12: 100 | AA12: US Tap (Average) | AB12: 25 | AC12: 7 | AN12: 1 | AO12: 11 | AP12: 10 | AQ12: 12 | AR12: 1 | AS12: 65 | AT12: 0 | AU12: 0.001 | AV12: 8 | BD12: 11 | BE12: Shimai-shigoto | BF12: 36 | BG12: 38-42°C | BH12: Remove lids | BJ12: 11 | BK12: Dekoji (harvest) | BL12: 44 | BM12: Cool | BN12: 15-17% moisture | BO12: Dry × 1.15 | BP12: 11 | BQ12: Dekoji (harvest) | BR12: 50 | BS12: Cool | BT12: 15-17% moisture | BU12: Dry × 1.15 | CH12: Bag press | CI12: 0.6 | CO12: Moto ready | CP12: Day 35 | CQ12: 12-15°C | CR12: <3.3 | CS12: Strong yeast for Soe | DD12: 1878 Nagareyama | DE12: 93 | DF12: 94 | DG12: 95 | DH12: 96 | DI12: 97 | EG12: Ji (ground) | EH12: Day 19-22 | EI12: 8-10°C | EJ12: Calm | EK12: Surface calm | EM12: Ji (ground) | EN12: Day 27-32 | EO12: 6-8°C | EP12: Calm | EQ12: Long maturation | ES12: Ji (ground) | ET12: Day 36-38 | EU12: 5-6°C | EV12: Calm | EW12: Extended rest | EX12: 80 | EY12: Ji (ground) | EZ12: Day 17-18 | FA12: 10-12°C | FB12: Calm | FC12: Short rest
A13: Experimental | B13: Akita Konno KM Kimoto (Yellow) | C13: Yellow | K13: 150L tank | L13: 150 | M13: Akitasakekomachi | P13: Akitasakekomachi | Q13: 0.43 | R13: 0.21 | S13: 2.05 | T13: 7.3 | U13: Akita specialty - balanced, smooth | V13: 0 | W13: 0 | X13: 0 | Y13: 100 | AN13: 1 | AO13: 21 | AP13: 15 | AQ13: 20 | AR13: 2 | AS13: 95 | AT13: 0 | AU13: 0.003 | AV13: 8.8 | BD13: 12 | BE13: Dekoji (harvest) | BF13: 48 | BG13: Cool | BH13: 15-17% moisture | BI13: Dry × 1.15 | CH13: Free-run (shizuku) | CI13: 0.55 | DD13: Doburoku (No Moto) | DE13: 119 | DF13: 120 | DG13: 121 | DH13: 122 | DI13: 123 | EG13: Jōsō ready | EH13: Day 23-25 | EI13: 8°C | EJ13: - | EK13: Ready to press | EM13: Jōsō ready | EN13: Day 33-35 | EO13: 6°C | EP13: - | EQ13: Ready to press | ES13: Jōsō ready | ET13: Day 39-40 | EU13: 5°C | EV13: - | EW13: Ready to press | EX13: 85 | EY13: Jōsō ready | EZ13: Day 19-20 | FA13: 10°C | FB13: - | FC13: Ready to press
B14: Hishiroku Ginjo (Yellow) | C14: Yellow | K14: 200L tank | L14: 200 | M14: Ipponjime | P14: Ipponjime | Q14: 0.42 | R14: 0.21 | S14: 2 | T14: 7.4 | U14: Niigata variety - clean, dry finish | V14: 0 | W14: 0 | X14: 0 | Y14: 100 | AN14: 1 | AO14: 6 | AP14: 8 | AQ14: 10 | AR14: 1 | AS14: 55 | AT14: 0.03 | AU14: 0.019 | AV14: 7.3 | CH14: Centrifuge | CI14: 0.92 | DD14: Direct Pitch | DE14: 124 | DF14: 125 | DG14: 126 | DH14: 127 | DI14: 128 | EX14: 90
B15: Hishiroku Standard (Yellow) | C15: Yellow | K15: 225L barrique | L15: 225 | M15: Yumenishiki | P15: Yumenishiki | Q15: 0.43 | R15: 0.2 | S15: 2.15 | T15: 7 | U15: Modern cultivar - versatile | V15: 0 | W15: 393.7 | X15: 0 | Y15: 100 | AN15: 1 | AO15: 2 | AP15: 3 | AQ15: 4 | AR15: 0 | AS15: 15 | AT15: 0 | AU15: 0 | AV15: 9.5 | EX15: 92
B16: Hishiroku Amazake (Yellow) | C16: Yellow | K16: 300L foudre | L16: 300 | M16: Dewanosato | N16: Hitomebore | P16: Dewanosato | Q16: 0.38 | R16: 0.22 | S16: 1.73 | T16: 6.3 | U16: Low digestibility despite low protein | V16: 697.6 | W16: 0 | X16: 0 | Y16: 100 | AN16: 1 | AO16: 4 | AP16: 8 | AQ16: 25 | AR16: 2 | AS16: 130 | AT16: 0 | AU16: 0 | AV16: 7.8 | EX16: 95
B17: Bio'c Byakuya (White) | C17: White | K17: 500L tank | L17: 500 | M17: Yumenokaori | N17: M-401 | P17: Yumenokaori | Q17: 0.43 | R17: 0.21 | S17: 2.05 | T17: 8 | U17: Higher protein variety | V17: 545.3 | W17: 0 | X17: 0 | Y17: 100 | AN17: 3 | AO17: 92 | AP17: 80 | AQ17: 50 | AR17: 2 | AS17: 165 | AT17: 0.01 | AU17: 0.01 | AV17: 8.2 | EX17: 100
B18: Bio'c Konayuki (White) | C18: White | K18: 1000L IBC | L18: 1000 | M18: Toyonishiki | N18: M-104 | P18: Toyonishiki | Q18: 0.42 | R18: 0.21 | S18: 2 | T18: 7.2 | U18: Classic Niigata - tanrei karakuchi | V18: 719.3 | W18: 0 | X18: 211.9 | Y18: 100 | AN18: 4 | AO18: 33 | AP18: 30 | AQ18: 25 | AR18: 2 | AS18: 135 | AT18: 0.01 | AU18: 0.005 | AV18: 8.8
B19: Bio'c Kuro-koji (Black) | C19: Black | K19: Custom | L19: 0 | M19: Wakamizu | N19: Calhikari | P19: Wakamizu | Q19: 0.43 | R19: 0.2 | S19: 2.15 | T19: 7.1 | U19: Emerging variety | AN19: 3 | AO19: 7 | AP19: 10 | AQ19: 20 | AR19: 2 | AS19: 110 | AT19: 0 | AU19: 0.001 | AV19: 9
B20: Bio'c Yuki-koji (Yellow) | C20: Yellow | M20: Shinriki | N20: Caloro | P20: Shinriki | Q20: 0.44 | R20: 0.2 | S20: 2.2 | T20: 7 | U20: Heritage (pre-war) - full body | AN20: 1 | AO20: 2 | AP20: 4 | AQ20: 5 | AR20: 0 | AS20: 20 | AT20: 0 | AU20: 0.0002 | AV20: 7.5
B21: Marufuku Standard (Yellow) | C21: Yellow | M21: Koshitanrei | N21: Blue Rose | P21: Koshitanrei | Q21: 0.44 | R21: 0.2 | S21: 2.2 | T21: 6.9 | U21: Niigata premium - Yamada x Gohyaku cross | AN21: 3 | AO21: 44 | AP21: 30 | AQ21: 15 | AR21: 1 | AS21: 55 | AT21: 0.01 | AU21: 0.01 | AV21: 7.8
B22: Marufuku White Citric (White) | C22: White | M22: Yukinosei | N22: Generic medium-grain | P22: Yukinosei | Q22: 0.43 | R22: 0.21 | S22: 2.05 | T22: 7.2 | U22: Niigata snow country variety | AN22: 0 | AO22: 0 | AP22: 0 | AQ22: 0 | AR22: 0 | AS22: 0 | AT22: 0 | AU22: 0 | AV22: 6
B23: Marufuku Black Awamori (Black) | C23: Black | M23: Koshihikari | P23: Koshihikari | Q23: 0.42 | R23: 0.17 | S23: 2.47 | T23: 7 | U23: Japan's #1 table rice - low prolamin, clean | AN23: 5 | AO23: 25 | AP23: 30 | AQ23: 40 | AR23: 3 | AS23: 180 | AT23: 0.3 | AU23: 0.05 | AV23: 7.2
B24: Awamori Kuro-koji (Black) | C24: Black | M24: Nipponbare | P24: Nipponbare | Q24: 0.41 | R24: 0.21 | S24: 1.95 | T24: 7.8 | U24: Standard table rice - NRIB reference | AN24: 2 | AO24: 10 | AP24: 10 | AQ24: 12 | AR24: 1 | AS24: 60 | AT24: 0.02 | AU24: 0.01 | AV24: 7.2
B25: Awamori White Mutant (White) | C25: White | M25: Akitakomachi | P25: Akitakomachi | Q25: 0.42 | R25: 0.2 | S25: 2.1 | T25: 7.3 | U25: Premium table rice - slightly sticky | AK25: Medium Municipal | AL25: 35 | AM25: 10 | AN25: 3 | AO25: 20 | AP25: 20 | AQ25: 25 | AR25: 2 | AS25: 130 | AT25: 0.03 | AU25: 0.02 | AV25: 7.5
B26: Oriza Gin-1061 (Yellow) | C26: Yellow | M26: Hitomebore | P26: Hitomebore | Q26: 0.42 | R26: 0.2 | S26: 2.1 | T26: 7.2 | U26: Miyagi table rice - balanced | AK26: Hard Municipal | AL26: 60 | AM26: 20 | AN26: 5 | AO26: 35 | AP26: 35 | AQ26: 45 | AR26: 3 | AS26: 240 | AT26: 0.05 | AU26: 0.03 | AV26: 7.8
B27: Oriza No.36 (Yellow) | C27: Yellow | M27: Hinohikari | P27: Hinohikari | Q27: 0.41 | R27: 0.21 | S27: 1.95 | T27: 7.5 | U27: Western Japan table rice | AK27: USA: West Oakland CA | AL27: 10 | AM27: 3 | AN27: 2 | AO27: 8 | AP27: 10 | AQ27: 5 | AR27: 0 | AS27: 38 | AT27: 0.01 | AU27: 0.01 | AV27: 8.8
B28: Kura-tsuki Indigenous (Yellow) | C28: Yellow | M28: Sasanishiki | P28: Sasanishiki | Q28: 0.42 | R28: 0.19 | S28: 2.21 | T28: 7.1 | U28: Classic table rice - less sticky | AK28: USA: Little Rock AR | AL28: 8.4 | AM28: 0.9 | AN28: 0.6 | AO28: 1.5 | AP28: 3.7 | AQ28: 16 | AR28: 0.6 | AS28: 26 | AT28: 0.01 | AU28: 0.01 | AV28: 7.7
B29: GEM Cultures (Yellow) | C29: Yellow | M29: Nanatsuboshi | P29: Nanatsuboshi | Q29: 0.42 | R29: 0.2 | S29: 2.1 | T29: 7.3 | U29: Hokkaido table rice | AK29: USA: Lexington KY | AL29: 54 | AM29: 6 | AN29: 2 | AO29: 34 | AP29: 61 | AQ29: 28 | AR29: 1 | AS29: 182 | AT29: 0.01 | AU29: 0.01 | AV29: 7.6
B30: Vision Brewing (Yellow) | C30: Yellow | M30: Yumepirika | P30: Yumepirika | Q30: 0.43 | R30: 0.19 | S30: 2.26 | T30: 7 | U30: Hokkaido premium table
B31: House Blend Fruity (Yellow) | C31: Yellow | M31: Tsuyahime | P31: Tsuyahime | Q31: 0.43 | R31: 0.19 | S31: 2.26 | T31: 7.1 | U31: Yamagata premium table
B32: House Blend Neutral (Yellow) | C32: Yellow | M32: Milky Queen | P32: Milky Queen | Q32: 0.4 | R32: 0.18 | S32: 2.22 | T32: 7.2 | U32: Low-amylose, very sticky
B33: Custom Yellow (Yellow) | C33: Yellow | M33: Calrose (USA) | P33: Calrose (USA) | Q33: 0.4 | R33: 0.22 | S33: 1.82 | T33: 7.8 | U33: California medium grain - widely available
B34: Custom White (White) | C34: White | M34: Kokuho Rose (USA) | P34: Kokuho Rose (USA) | Q34: 0.41 | R34: 0.21 | S34: 1.95 | T34: 7.5 | U34: California premium - Koda Farms
B35: Custom Black (Black) | C35: Black | M35: Tamaki Gold (USA) | P35: Tamaki Gold (USA) | Q35: 0.42 | R35: 0.2 | S35: 2.1 | T35: 7.3 | U35: California Koshihikari-style
M36: Tamanishiki (USA) | P36: Tamanishiki (USA) | Q36: 0.42 | R36: 0.2 | S36: 2.1 | T36: 7.2 | U36: Super premium California
M37: Kagayaki (USA) | P37: Kagayaki (USA) | Q37: 0.41 | R37: 0.21 | S37: 1.95 | T37: 7.4 | U37: California short grain
M38: Nishiki (USA) | P38: Nishiki (USA) | Q38: 0.4 | R38: 0.22 | S38: 1.82 | T38: 7.6 | U38: California medium grain - common
M39: Botan (USA) | P39: Botan (USA) | Q39: 0.4 | R39: 0.22 | S39: 1.82 | T39: 7.7 | U39: California Calrose type
M40: Koda Farms Kokuho (USA) | P40: Koda Farms Kokuho (USA) | Q40: 0.42 | R40: 0.2 | S40: 2.1 | T40: 7.3 | U40: Artisan California - organic available
M41: Lundberg Sushi (USA) | P41: Lundberg Sushi (USA) | Q41: 0.4 | R41: 0.22 | S41: 1.82 | T41: 7.5 | U41: California organic short grain
M42: Carolina Gold (USA) | P42: Carolina Gold (USA) | Q42: 0.38 | R42: 0.23 | S42: 1.65 | T42: 8 | U42: Heritage long grain - not ideal for sake
M43: Koshihikari (USA) | P43: Koshihikari (USA) | Q43: 0.42 | R43: 0.18 | S43: 2.33 | T43: 7.2 | U43: US-grown Koshihikari - Texas/Arkansas
M44: Akitakomachi (USA) | P44: Akitakomachi (USA) | Q44: 0.42 | R44: 0.2 | S44: 2.1 | T44: 7.4 | U44: US-grown Akitakomachi
M45: Chucheong (Korea) | P45: Chucheong (Korea) | Q45: 0.41 | R45: 0.21 | S45: 1.95 | T45: 7.5 | U45: Korean short grain - similar to Calrose
M46: Generic Short Grain | P46: Generic Short Grain | Q46: 0.41 | R46: 0.21 | S46: 1.97 | T46: 7.5 | U46: NRIB average - use for unknowns
M47: Generic Medium Grain | P47: Generic Medium Grain | Q47: 0.4 | R47: 0.22 | S47: 1.82 | T47: 7.7 | U47: Medium grain average
M48: Generic Table Rice | P48: Generic Table Rice | Q48: 0.41 | R48: 0.21 | S48: 1.95 | T48: 7.5 | U48: Table rice average
